user_input,retrieved_contexts,response,reference,faithfulness,answer_relevancy,context_precision,answer_relevancy_manual
Apa yang harus dilakukan saat terjadi banjir?,"['• [Saat Bencana] petabencana.id: PetaBencana.id adalah laman untuk memetakan ketinggian genangan air dan banjir.\n• [Saat Bencana] petabencana.id terkait dengan: banjir\n• [Saat Bencana] media sosial: Media Sosial adalah platform online untuk berbagi informasi.\n• [Saat Bencana] media sosial terkait dengan: banjir\n• [Saat Bencana] tenda pengungsian: Tempat sementara untuk menampung orang yang mengungsi.\n• [Saat Bencana] tenda pengungsian berkaitan dengan: saat bencana\n• [Saat Bencana] dapur umum: Fasilitas persiapan makanan untuk korban bencana.\n• [Saat Bencana] bantuan: Barang-barang atau dukungan yang diberikan kepada korban bencana.\n• [Saat Bencana] bantuan berkaitan dengan: distribusi\n• [Saat Bencana] air bersih: Air yang aman untuk dikonsumsi dan digunakan.\n• [Saat Bencana] air bersih berkaitan dengan: higienitas, efisien\n• [Saat Bencana] air bersih terkait dengan: penampungan air\n• [Saat Bencana] tempat yang lebih tinggi: Lokasi yang aman dari banjir.\n• [Saat Bencana] tempat yang lebih tinggi berkaitan dengan: evakuasi\n• [Saat Bencana] tempat yang lebih tinggi terkait dengan: orang\n• [Saat Bencana] arus bawah: Aliran air yang kuat dan berbahaya.\n• [Saat Bencana] arus bawah berkaitan dengan: keselamatan\n• [Saat Bencana] saluran air: Saluran yang dapat menjadi tempat terjadinya banjir.\n• [Saat Bencana] saluran air berkaitan dengan: arus banjir\n• [Saat Bencana] kubangan: Area yang rendah dan tergenang air.\n• [Saat Bencana] hujan: Curah hujan yang bisa memicu banjir.\n• [Saat Bencana] banjir bandang: Banjir yang terjadi dengan cepat dan dahsyat.\n• [Saat Bencana] rumah: Bangunan tempat tinggal.\n• [Saat Bencana] rumah berkaitan dengan: evakuasi, konstruksi tahan gempa, tetap berada di bawah meja\n• [Saat Bencana] rumah terkait dengan: anda\n• [Saat Bencana] perabot: Perlengkapan rumah tangga.\n• [Saat Bencana] perabot berkaitan dengan: keamanan\n• [Saat Bencana] alat-alat yang masih tersambung dengan listrik: Perangkat elektronik yang terhubung ke sumber listrik.\n• [Saat Bencana] pihak berwenang: Organisasi yang memiliki kewenangan dan tanggung jawab dalam penanganan bencana.\n• [Saat Bencana] pihak berwenang berkaitan dengan: matikan, instruksi, jalur evakuasi, shelter\n• [Saat Bencana] penampungan air: Penampungan air yang disiapkan untuk berjaga-jaga jika kehabisan air bersih.\n• [Saat Bencana] penampungan air berkaitan dengan: air bersih\n• [Saat Bencana] mobil: Sebuah kendaraan bermotor yang digunakan untuk transportasi.\n• [Saat Bencana] mobil berkaitan dengan: wilayah banjir, pinggir jalan\n• [Saat Bencana] pihak yang berwenang: Organisasi atau individu yang memiliki kewenangan dalam situasi bencana.\n• [Saat Bencana] pihak yang berwenang berkaitan dengan: melapor dan meminta bantuan air bersih, keluarga\n• [Saat Bencana] siaga i sampai dengan siaga iv terkait dengan: banjir\n• [Saat Bencana] arus banjir terkait dengan: saluran air\n• [Saat Bencana] wilayah banjir terkait dengan: mobil\n• [Saat Bencana] air banjir berkaitan dengan: zat-zat berbahaya, sabun dan air bersih\n• [Saat Bencana] air banjir terkait dengan: makanan\n• [Saat Bencana] zat-zat berbahaya terkait dengan: air banjir']","1.  Gunakan PetaBencana.id untuk melihat ketinggian air dan area yang tergenang.
2.  Segera cari tempat yang lebih tinggi untuk melakukan evakuasi, seperti bangunan atau area yang tidak tergenang air.
3.  Ikuti instruksi dari pihak berwenang mengenai jalur evakuasi dan tempat penampungan sementara (shelter).
4.  Matikan alat-alat yang masih tersambung dengan listrik untuk mencegah bahaya korsleting.
5.  Jika terpaksa berada di dekat saluran air atau kubangan, berhati-hatilah terhadap arus bawah yang berbahaya.","Saat terjadi banjir, segera evakuasi ke tempat yang lebih tinggi, waspada terhadap arus bawah/saluran air/kubangan yang tergenang, amankan rumah dan pindahkan barang berharga ke tempat lebih tinggi, matikan aliran listrik dan cabut alat elektronik jika ada instruksi berwenang (jangan sentuh listrik saat berdiri di air), jangan berjalan atau mengemudikan kendaraan di arus/wilayah banjir, serta ikuti informasi resmi dan instruksi dari pihak berwenang (BPBD).",1.0,,0.9999999999,0.799514202646246
Bagaimana cara mempersiapkan diri sebelum banjir terjadi?,"['• [Pra Bencana] banjir: Banjir adalah peristiwa di mana air menggenangi wilayah dalam jangka waktu tertentu.\n• [Pra Bencana] banjir berkaitan dengan: korban jiwa manusia, kerusakan lingkungan, kerugian harta benda, dampak psikologis, jakarta\n• [Pra Bencana] banjir terkait dengan: erosi, berkurangnya kawasan resapan air, perilaku tidak bertanggung jawab\n• [Pra Bencana] curah hujan: Hujan, terutama curah hujan ekstrem, yang dapat menyebabkan penumpukan air berlebihan.\n• [Pra Bencana] curah hujan berkaitan dengan: banjir, longsor, penumpukan air, kerusakan, tanah longsor\n• [Pra Bencana] drainase: Sistem drainase yang baik untuk mengurangi penumpukan air.\n• [Pra Bencana] drainase berkaitan dengan: kestabilan tanah, stabilitas lereng\n• [Pra Bencana] kawasan resapan air: Kawasan resapan air adalah area yang mengurangi infiltrasi air ke dalam tanah.\n• [Pra Bencana] hutan: Hutan adalah area yang tertutup pepohonan.\n• [Pra Bencana] hutan terkait dengan: api, rambu\n• [Pra Bencana] erosi: Erosi adalah proses pengikisan tanah oleh air atau angin.\n• [Pra Bencana] erosi berkaitan dengan: banjir\n• [Pra Bencana] erosi terkait dengan: penggundulan hutan, retensi tanaman dan vegetasi\n• [Pra Bencana] hunian: Hunian adalah tempat tinggal.\n• [Pra Bencana] zona rawan banjir: Area yang berisiko tinggi mengalami banjir.\n• [Pra Bencana] zona rawan banjir berkaitan dengan: bangunan rumah\n• [Pra Bencana] tas siaga bencana: Tas berisi perlengkapan penting untuk digunakan selama atau setelah bencana.\n• [Pra Bencana] tas siaga bencana berkaitan dengan: persiapan untuk hidup mandiri\n• [Pra Bencana] dokumen penting: Dokumen yang berisi informasi vital yang perlu disimpan dengan aman.\n• [Pra Bencana] dokumen penting berkaitan dengan: tempat yang aman\n• [Pra Bencana] bangunan rumah: Struktur fisik yang menyediakan tempat tinggal.\n• [Pra Bencana] bangunan rumah terkait dengan: zona rawan banjir\n• [Pra Bencana] harta: Barang-barang yang dimiliki seseorang atau organisasi.\n• [Pra Bencana] harta berkaitan dengan: foto, dokumen\n• [Pra Bencana] foto: Representasi visual yang dibuat menggunakan kamera.\n• [Pra Bencana] foto berkaitan dengan: harta dan kepemilikan\n• [Pra Bencana] foto terkait dengan: harta\n• [Pra Bencana] dokumen: Catatan dan bukti yang relevan.\n• [Pra Bencana] dokumen terkait dengan: harta\n• [Pra Bencana] informasi banjir: Data mengenai potensi banjir.\n• [Pra Bencana] informasi banjir berkaitan dengan: kesiapsiagaan\n• [Pra Bencana] saluran dan jalur yang sering dilalui air banjir terkait dengan: banjir']","Baik, ini beberapa hal yang bisa Anda lakukan untuk mempersiapkan diri sebelum banjir terjadi:

1.  Pastikan Anda mengetahui informasi banjir yang tersedia.
2.  Simpan dokumen penting dan foto harta benda Anda di tempat yang aman.
3.  Siapkan tas siaga bencana berisi perlengkapan penting untuk membantu Anda bertahan hidup secara mandiri.
4.  Waspada terhadap curah hujan ekstrem yang dapat menyebabkan penumpukan air.
5.  Perhatikan kawasan resapan air dan hutan karena keduanya penting untuk mencegah banjir.","Sebelum banjir, kenali istilah peringatan dini (Siaga I-IV), ketahui apakah tempat tinggal berada di zona rawan banjir, siapkan rute evakuasi ke tempat lebih tinggi, siapkan Tas Siaga Bencana serta persediaan makanan/air untuk 3 hari, ketahui cara mematikan air/listrik/gas, pertimbangkan asuransi banjir, dokumentasikan harta benda dan simpan dokumen penting di tempat aman, serta diskusikan rencana keluarga jika terpisah saat banjir.",1.0,,0.9999999999,0.8695040882702084
Apa yang dilakukan pasca bencana banjir?,"['• [Pasca Bencana] bpbd: BPBD adalah instansi yang bertanggung jawab atas penanggulangan bencana.\n• [Pasca Bencana] bpbd berkaitan dengan: trc, banjir, masyarakat, kondisi sekitar, bmkg\n• [Pasca Bencana] bpbd terkait dengan: kegiatan keantariksaan, masyarakat\n• [Pasca Bencana] sabun dan air bersih: Sabun dan air bersih digunakan untuk mencuci tangan.\n• [Pasca Bencana] sabun dan air bersih terkait dengan: air banjir\n• [Pasca Bencana] tempat tinggal: Area di mana seseorang atau keluarga tinggal.\n• [Pasca Bencana] tempat tinggal berkaitan dengan: lingkungan rumah\n• [Pasca Bencana] tempat tinggal terkait dengan: banjir\n• [Pasca Bencana] lingkungan rumah: Area di sekitar tempat tinggal.\n• [Pasca Bencana] lingkungan rumah berkaitan dengan: bersihkan tempat tinggal dan lingkungan rumah dari sisa- sisa kotoran\n• [Pasca Bencana] lingkungan rumah terkait dengan: tempat tinggal\n• [Pasca Bencana] sisa-sisa kotoran: Material tidak bersih yang tersisa setelah banjir.\n• [Pasca Bencana] sisa-sisa kotoran terkait dengan: banjir\n• [Pasca Bencana] pemberantasan sarang nyamuk (psn): Upaya untuk menghilangkan sarang nyamuk guna mencegah penyebaran penyakit.\n• [Pasca Bencana] fasilitas kesehatan terdekat: Penyedia layanan medis yang terletak di dekat tempat tinggal.\n• [Pasca Bencana] fasilitas kesehatan terdekat berkaitan dengan: perawatan kesehatan\n• [Pasca Bencana] sumur gali: Sumber air tanah yang digali.\n• [Pasca Bencana] jamban: Tempat untuk buang air besar.\n• [Pasca Bencana] saluran pembuangan air limbah (spal): Sistem untuk mengelola dan membuang air limbah.\n• [Pasca Bencana] keluarga berkaitan dengan: kesehatan dan keselamatan\n• [Pasca Bencana] keluarga terkait dengan: pihak yang berwenang\n• [Pasca Bencana] makanan berkaitan dengan: air banjir']","1.  Setelah banjir, kami dari BPBD bertanggung jawab untuk menangani situasi ini.
2.  Pastikan rumah dan lingkungan sekitar Anda dibersihkan dari sisa-sisa kotoran yang ada akibat banjir.
3.  Gunakan sabun dan air bersih untuk mencuci tangan, terutama jika ada air banjir.
4.  Jaga kesehatan dan keselamatan keluarga Anda dengan segera mencari fasilitas kesehatan terdekat jika diperlukan.
5.  Kami juga melakukan upaya pemberantasan sarang nyamuk untuk mencegah penyakit setelah banjir.","Bantuan perumahan/shelter diberikan pada warga terdampak, cuci tangan dengan sabun dan air bersih untuk mencegah penyakit, buang makanan yang terkontaminasi, dapatkan perawatan di fasilitas kesehatan terdekat, bersihkan tempat tinggal dari sisa kotoran, lakukan Pemberantasan Sarang Nyamuk (PSN), serta ikut serta dalam kaporitisasi sumur gali dan perbaikan jamban/SPAL.",1.0,,0.9999999999,0.7206955553050286
Apa itu banjir?,"['• [Pra Bencana] banjir: Banjir adalah peristiwa di mana air menggenangi wilayah dalam jangka waktu tertentu.\n• [Pra Bencana] banjir berkaitan dengan: korban jiwa manusia, kerusakan lingkungan, kerugian harta benda, dampak psikologis, jakarta\n• [Pra Bencana] banjir terkait dengan: erosi, berkurangnya kawasan resapan air, perilaku tidak bertanggung jawab\n• [Pra Bencana] curah hujan: Hujan, terutama curah hujan ekstrem, yang dapat menyebabkan penumpukan air berlebihan.\n• [Pra Bencana] curah hujan berkaitan dengan: banjir, longsor, penumpukan air, kerusakan, tanah longsor\n• [Pra Bencana] drainase: Sistem drainase yang baik untuk mengurangi penumpukan air.\n• [Pra Bencana] drainase berkaitan dengan: kestabilan tanah, stabilitas lereng\n• [Pra Bencana] kawasan resapan air: Kawasan resapan air adalah area yang mengurangi infiltrasi air ke dalam tanah.\n• [Pra Bencana] hutan: Hutan adalah area yang tertutup pepohonan.\n• [Pra Bencana] hutan terkait dengan: api, rambu\n• [Pra Bencana] erosi: Erosi adalah proses pengikisan tanah oleh air atau angin.\n• [Pra Bencana] erosi berkaitan dengan: banjir\n• [Pra Bencana] erosi terkait dengan: penggundulan hutan, retensi tanaman dan vegetasi\n• [Saat Bencana] petabencana.id: PetaBencana.id adalah laman untuk memetakan ketinggian genangan air dan banjir.\n• [Saat Bencana] petabencana.id terkait dengan: banjir\n• [Saat Bencana] media sosial: Media Sosial adalah platform online untuk berbagi informasi.\n• [Saat Bencana] media sosial terkait dengan: banjir\n• [Pasca Bencana] bpbd: BPBD adalah instansi yang bertanggung jawab atas penanggulangan bencana.\n• [Pasca Bencana] bpbd berkaitan dengan: trc, banjir, masyarakat, kondisi sekitar, bmkg\n• [Pasca Bencana] bpbd terkait dengan: kegiatan keantariksaan, masyarakat\n• [Pra Bencana] hunian: Hunian adalah tempat tinggal.\n• [Pra Bencana] zona rawan banjir: Area yang berisiko tinggi mengalami banjir.\n• [Pra Bencana] zona rawan banjir berkaitan dengan: bangunan rumah\n• [Pra Bencana] tas siaga bencana: Tas berisi perlengkapan penting untuk digunakan selama atau setelah bencana.\n• [Pra Bencana] tas siaga bencana berkaitan dengan: persiapan untuk hidup mandiri\n• [Pra Bencana] dokumen penting: Dokumen yang berisi informasi vital yang perlu disimpan dengan aman.\n• [Pra Bencana] dokumen penting berkaitan dengan: tempat yang aman\n• [Pra Bencana] bangunan rumah: Struktur fisik yang menyediakan tempat tinggal.\n• [Pra Bencana] bangunan rumah terkait dengan: zona rawan banjir\n• [Pra Bencana] harta: Barang-barang yang dimiliki seseorang atau organisasi.\n• [Pra Bencana] harta berkaitan dengan: foto, dokumen\n• [Pra Bencana] foto: Representasi visual yang dibuat menggunakan kamera.\n• [Pra Bencana] foto berkaitan dengan: harta dan kepemilikan\n• [Pra Bencana] foto terkait dengan: harta\n• [Pra Bencana] dokumen: Catatan dan bukti yang relevan.\n• [Pra Bencana] dokumen terkait dengan: harta\n• [Saat Bencana] tenda pengungsian: Tempat sementara untuk menampung orang yang mengungsi.\n• [Saat Bencana] tenda pengungsian berkaitan dengan: saat bencana\n• [Saat Bencana] dapur umum: Fasilitas persiapan makanan untuk korban bencana.\n• [Saat Bencana] bantuan: Barang-barang atau dukungan yang diberikan kepada korban bencana.\n• [Saat Bencana] bantuan berkaitan dengan: distribusi\n• [Saat Bencana] air bersih: Air yang aman untuk dikonsumsi dan digunakan.\n• [Saat Bencana] air bersih berkaitan dengan: higienitas, efisien\n• [Saat Bencana] air bersih terkait dengan: penampungan air\n• [Pra Bencana] informasi banjir: Data mengenai potensi banjir.\n• [Pra Bencana] informasi banjir berkaitan dengan: kesiapsiagaan\n• [Saat Bencana] tempat yang lebih tinggi: Lokasi yang aman dari banjir.\n• [Saat Bencana] tempat yang lebih tinggi berkaitan dengan: evakuasi\n• [Saat Bencana] tempat yang lebih tinggi terkait dengan: orang\n• [Saat Bencana] arus bawah: Aliran air yang kuat dan berbahaya.\n• [Saat Bencana] arus bawah berkaitan dengan: keselamatan\n• [Saat Bencana] saluran air: Saluran yang dapat menjadi tempat terjadinya banjir.\n• [Saat Bencana] saluran air berkaitan dengan: arus banjir']","Banjir adalah peristiwa ketika air meluap dan menggenangi wilayah. Ini terjadi karena air menumpuk dalam jangka waktu tertentu. Banjir dapat disebabkan oleh hujan deras, terutama curah hujan yang tinggi. Selain itu, banjir juga bisa terjadi jika ada gangguan pada sistem drainase dan kawasan resapan air.","Banjir adalah peristiwa ketika air menggenangi suatu wilayah yang biasanya tidak digenangi air dalam jangka waktu tertentu. Banjir umumnya terjadi karena curah hujan tinggi yang menyebabkan meluapnya air sungai, danau, laut, atau drainase karena melebihi daya tampungnya, dan juga dipengaruhi faktor manusia seperti berkurangnya kawasan resapan air, penggundulan hutan, dan membuang sampah di sungai.",1.0,,0.9999999999,0.7836446135469134
Apa penyebab banjir di Kabupaten Bogor?,"['• [Pra Bencana] banjir: Banjir adalah peristiwa di mana air menggenangi wilayah dalam jangka waktu tertentu.\n• [Pra Bencana] banjir berkaitan dengan: korban jiwa manusia, kerusakan lingkungan, kerugian harta benda, dampak psikologis, jakarta\n• [Pra Bencana] banjir terkait dengan: erosi, berkurangnya kawasan resapan air, perilaku tidak bertanggung jawab\n• [Pra Bencana] curah hujan: Hujan, terutama curah hujan ekstrem, yang dapat menyebabkan penumpukan air berlebihan.\n• [Pra Bencana] curah hujan berkaitan dengan: banjir, longsor, penumpukan air, kerusakan, tanah longsor\n• [Pra Bencana] drainase: Sistem drainase yang baik untuk mengurangi penumpukan air.\n• [Pra Bencana] drainase berkaitan dengan: kestabilan tanah, stabilitas lereng\n• [Pra Bencana] kawasan resapan air: Kawasan resapan air adalah area yang mengurangi infiltrasi air ke dalam tanah.\n• [Pra Bencana] hutan: Hutan adalah area yang tertutup pepohonan.\n• [Pra Bencana] hutan terkait dengan: api, rambu\n• [Pra Bencana] erosi: Erosi adalah proses pengikisan tanah oleh air atau angin.\n• [Pra Bencana] erosi berkaitan dengan: banjir\n• [Pra Bencana] erosi terkait dengan: penggundulan hutan, retensi tanaman dan vegetasi\n• [Saat Bencana] petabencana.id: PetaBencana.id adalah laman untuk memetakan ketinggian genangan air dan banjir.\n• [Saat Bencana] petabencana.id terkait dengan: banjir\n• [Saat Bencana] media sosial: Media Sosial adalah platform online untuk berbagi informasi.\n• [Saat Bencana] media sosial terkait dengan: banjir\n• [Pasca Bencana] bpbd: BPBD adalah instansi yang bertanggung jawab atas penanggulangan bencana.\n• [Pasca Bencana] bpbd berkaitan dengan: trc, banjir, masyarakat, kondisi sekitar, bmkg\n• [Pasca Bencana] bpbd terkait dengan: kegiatan keantariksaan, masyarakat\n• [Pra Bencana] hunian: Hunian adalah tempat tinggal.\n• [Pra Bencana] zona rawan banjir: Area yang berisiko tinggi mengalami banjir.\n• [Pra Bencana] zona rawan banjir berkaitan dengan: bangunan rumah\n• [Pra Bencana] tas siaga bencana: Tas berisi perlengkapan penting untuk digunakan selama atau setelah bencana.\n• [Pra Bencana] tas siaga bencana berkaitan dengan: persiapan untuk hidup mandiri\n• [Pra Bencana] dokumen penting: Dokumen yang berisi informasi vital yang perlu disimpan dengan aman.\n• [Pra Bencana] dokumen penting berkaitan dengan: tempat yang aman\n• [Pra Bencana] bangunan rumah: Struktur fisik yang menyediakan tempat tinggal.\n• [Pra Bencana] bangunan rumah terkait dengan: zona rawan banjir\n• [Pra Bencana] harta: Barang-barang yang dimiliki seseorang atau organisasi.\n• [Pra Bencana] harta berkaitan dengan: foto, dokumen\n• [Pra Bencana] foto: Representasi visual yang dibuat menggunakan kamera.\n• [Pra Bencana] foto berkaitan dengan: harta dan kepemilikan\n• [Pra Bencana] foto terkait dengan: harta\n• [Pra Bencana] dokumen: Catatan dan bukti yang relevan.\n• [Pra Bencana] dokumen terkait dengan: harta\n• [Saat Bencana] tenda pengungsian: Tempat sementara untuk menampung orang yang mengungsi.\n• [Saat Bencana] tenda pengungsian berkaitan dengan: saat bencana\n• [Saat Bencana] dapur umum: Fasilitas persiapan makanan untuk korban bencana.\n• [Saat Bencana] bantuan: Barang-barang atau dukungan yang diberikan kepada korban bencana.\n• [Saat Bencana] bantuan berkaitan dengan: distribusi\n• [Saat Bencana] air bersih: Air yang aman untuk dikonsumsi dan digunakan.\n• [Saat Bencana] air bersih berkaitan dengan: higienitas, efisien\n• [Saat Bencana] air bersih terkait dengan: penampungan air\n• [Pra Bencana] informasi banjir: Data mengenai potensi banjir.\n• [Pra Bencana] informasi banjir berkaitan dengan: kesiapsiagaan\n• [Saat Bencana] tempat yang lebih tinggi: Lokasi yang aman dari banjir.\n• [Saat Bencana] tempat yang lebih tinggi berkaitan dengan: evakuasi\n• [Saat Bencana] tempat yang lebih tinggi terkait dengan: orang\n• [Saat Bencana] arus bawah: Aliran air yang kuat dan berbahaya.\n• [Saat Bencana] arus bawah berkaitan dengan: keselamatan\n• [Saat Bencana] saluran air: Saluran yang dapat menjadi tempat terjadinya banjir.\n• [Saat Bencana] saluran air berkaitan dengan: arus banjir']","**Pra Bencana:**
1. Hujan, terutama curah hujan ekstrem, dapat menyebabkan penumpukan air berlebihan.
2. Erosi tanah akibat hujan atau angin dapat memperparah kondisi.
3. Drainase yang buruk juga menjadi penyebab banjir.

**Saat Bencana:**
1. Banjir adalah peristiwa di mana air menggenangi wilayah dalam jangka waktu tertentu.

**Pasca Bencana:**
1. BPBD bertanggung jawab atas penanggulangan bencana.","Banjir disebabkan curah hujan tinggi terus-menerus yang membuat air sungai/danau/drainase meluap karena melebihi daya tampung, serta faktor manusia seperti alih fungsi lahan mengurangi kawasan resapan air, penggundulan hutan yang meningkatkan erosi dan mendangkalkan sungai, dan perilaku membuang sampah di sungai serta mendirikan hunian di bantaran sungai. Dokumen tidak menyebutkan penyebab spesifik khusus untuk Kabupaten Bogor.",1.0,,0.9999999999,0.5241092049470844
Apa yang dimaksud dengan daerah rawan banjir?,"['• [Pra Bencana] banjir: Banjir adalah peristiwa di mana air menggenangi wilayah dalam jangka waktu tertentu.\n• [Pra Bencana] banjir berkaitan dengan: korban jiwa manusia, kerusakan lingkungan, kerugian harta benda, dampak psikologis, jakarta\n• [Pra Bencana] banjir terkait dengan: erosi, berkurangnya kawasan resapan air, perilaku tidak bertanggung jawab\n• [Pra Bencana] curah hujan: Hujan, terutama curah hujan ekstrem, yang dapat menyebabkan penumpukan air berlebihan.\n• [Pra Bencana] curah hujan berkaitan dengan: banjir, longsor, penumpukan air, kerusakan, tanah longsor\n• [Pra Bencana] drainase: Sistem drainase yang baik untuk mengurangi penumpukan air.\n• [Pra Bencana] drainase berkaitan dengan: kestabilan tanah, stabilitas lereng\n• [Pra Bencana] kawasan resapan air: Kawasan resapan air adalah area yang mengurangi infiltrasi air ke dalam tanah.\n• [Pra Bencana] hutan: Hutan adalah area yang tertutup pepohonan.\n• [Pra Bencana] hutan terkait dengan: api, rambu\n• [Pra Bencana] erosi: Erosi adalah proses pengikisan tanah oleh air atau angin.\n• [Pra Bencana] erosi berkaitan dengan: banjir\n• [Pra Bencana] erosi terkait dengan: penggundulan hutan, retensi tanaman dan vegetasi\n• [Saat Bencana] petabencana.id: PetaBencana.id adalah laman untuk memetakan ketinggian genangan air dan banjir.\n• [Saat Bencana] petabencana.id terkait dengan: banjir\n• [Saat Bencana] media sosial: Media Sosial adalah platform online untuk berbagi informasi.\n• [Saat Bencana] media sosial terkait dengan: banjir\n• [Pasca Bencana] bpbd: BPBD adalah instansi yang bertanggung jawab atas penanggulangan bencana.\n• [Pasca Bencana] bpbd berkaitan dengan: trc, banjir, masyarakat, kondisi sekitar, bmkg\n• [Pasca Bencana] bpbd terkait dengan: kegiatan keantariksaan, masyarakat\n• [Pra Bencana] hunian: Hunian adalah tempat tinggal.\n• [Pra Bencana] zona rawan banjir: Area yang berisiko tinggi mengalami banjir.\n• [Pra Bencana] zona rawan banjir berkaitan dengan: bangunan rumah\n• [Pra Bencana] tas siaga bencana: Tas berisi perlengkapan penting untuk digunakan selama atau setelah bencana.\n• [Pra Bencana] tas siaga bencana berkaitan dengan: persiapan untuk hidup mandiri\n• [Pra Bencana] dokumen penting: Dokumen yang berisi informasi vital yang perlu disimpan dengan aman.\n• [Pra Bencana] dokumen penting berkaitan dengan: tempat yang aman\n• [Pra Bencana] bangunan rumah: Struktur fisik yang menyediakan tempat tinggal.\n• [Pra Bencana] bangunan rumah terkait dengan: zona rawan banjir\n• [Pra Bencana] harta: Barang-barang yang dimiliki seseorang atau organisasi.\n• [Pra Bencana] harta berkaitan dengan: foto, dokumen\n• [Pra Bencana] foto: Representasi visual yang dibuat menggunakan kamera.\n• [Pra Bencana] foto berkaitan dengan: harta dan kepemilikan\n• [Pra Bencana] foto terkait dengan: harta\n• [Pra Bencana] dokumen: Catatan dan bukti yang relevan.\n• [Pra Bencana] dokumen terkait dengan: harta\n• [Saat Bencana] tenda pengungsian: Tempat sementara untuk menampung orang yang mengungsi.\n• [Saat Bencana] tenda pengungsian berkaitan dengan: saat bencana\n• [Saat Bencana] dapur umum: Fasilitas persiapan makanan untuk korban bencana.\n• [Saat Bencana] bantuan: Barang-barang atau dukungan yang diberikan kepada korban bencana.\n• [Saat Bencana] bantuan berkaitan dengan: distribusi\n• [Saat Bencana] air bersih: Air yang aman untuk dikonsumsi dan digunakan.\n• [Saat Bencana] air bersih berkaitan dengan: higienitas, efisien\n• [Saat Bencana] air bersih terkait dengan: penampungan air\n• [Pra Bencana] informasi banjir: Data mengenai potensi banjir.\n• [Pra Bencana] informasi banjir berkaitan dengan: kesiapsiagaan\n• [Saat Bencana] tempat yang lebih tinggi: Lokasi yang aman dari banjir.\n• [Saat Bencana] tempat yang lebih tinggi berkaitan dengan: evakuasi\n• [Saat Bencana] tempat yang lebih tinggi terkait dengan: orang\n• [Saat Bencana] arus bawah: Aliran air yang kuat dan berbahaya.\n• [Saat Bencana] arus bawah berkaitan dengan: keselamatan\n• [Saat Bencana] saluran air: Saluran yang dapat menjadi tempat terjadinya banjir.\n• [Saat Bencana] saluran air berkaitan dengan: arus banjir']","Daerah rawan banjir adalah area yang memiliki risiko tinggi mengalami banjir. Area ini ditentukan karena potensi terjadinya penumpukan air berlebihan, seperti yang disebabkan oleh curah hujan ekstrem atau drainase yang buruk. Biasanya, wilayah rawan banjir meliputi zona-zona yang dekat dengan sungai atau saluran air yang rentan terhadap luapan. Penting untuk mengetahui zona rawan banjir agar kita bisa lebih waspada dan mempersiapkan diri jika terjadi banjir.","Dokumen tidak mendefinisikan istilah 'daerah rawan banjir' secara eksplisit, namun menyebutkan pentingnya mengetahui tingkat kerentanan tempat tinggal terhadap zona rawan banjir sebagai bagian dari kesiapsiagaan pra bencana.",1.0,,0.9999999999,0.7932557945270902
Bagaimana cara mencegah banjir di lingkungan sekitar?,"['• [Pra Bencana] banjir: Banjir adalah peristiwa di mana air menggenangi wilayah dalam jangka waktu tertentu.\n• [Pra Bencana] banjir berkaitan dengan: korban jiwa manusia, kerusakan lingkungan, kerugian harta benda, dampak psikologis, jakarta\n• [Pra Bencana] banjir terkait dengan: erosi, berkurangnya kawasan resapan air, perilaku tidak bertanggung jawab\n• [Pra Bencana] curah hujan: Hujan, terutama curah hujan ekstrem, yang dapat menyebabkan penumpukan air berlebihan.\n• [Pra Bencana] curah hujan berkaitan dengan: banjir, longsor, penumpukan air, kerusakan, tanah longsor\n• [Pra Bencana] drainase: Sistem drainase yang baik untuk mengurangi penumpukan air.\n• [Pra Bencana] drainase berkaitan dengan: kestabilan tanah, stabilitas lereng\n• [Pra Bencana] kawasan resapan air: Kawasan resapan air adalah area yang mengurangi infiltrasi air ke dalam tanah.\n• [Pra Bencana] hutan: Hutan adalah area yang tertutup pepohonan.\n• [Pra Bencana] hutan terkait dengan: api, rambu\n• [Pra Bencana] erosi: Erosi adalah proses pengikisan tanah oleh air atau angin.\n• [Pra Bencana] erosi berkaitan dengan: banjir\n• [Pra Bencana] erosi terkait dengan: penggundulan hutan, retensi tanaman dan vegetasi\n• [Pra Bencana] hunian: Hunian adalah tempat tinggal.\n• [Pra Bencana] zona rawan banjir: Area yang berisiko tinggi mengalami banjir.\n• [Pra Bencana] zona rawan banjir berkaitan dengan: bangunan rumah\n• [Pra Bencana] tas siaga bencana: Tas berisi perlengkapan penting untuk digunakan selama atau setelah bencana.\n• [Pra Bencana] tas siaga bencana berkaitan dengan: persiapan untuk hidup mandiri\n• [Pra Bencana] dokumen penting: Dokumen yang berisi informasi vital yang perlu disimpan dengan aman.\n• [Pra Bencana] dokumen penting berkaitan dengan: tempat yang aman\n• [Pra Bencana] bangunan rumah: Struktur fisik yang menyediakan tempat tinggal.\n• [Pra Bencana] bangunan rumah terkait dengan: zona rawan banjir\n• [Pra Bencana] harta: Barang-barang yang dimiliki seseorang atau organisasi.\n• [Pra Bencana] harta berkaitan dengan: foto, dokumen\n• [Pra Bencana] foto: Representasi visual yang dibuat menggunakan kamera.\n• [Pra Bencana] foto berkaitan dengan: harta dan kepemilikan\n• [Pra Bencana] foto terkait dengan: harta\n• [Pra Bencana] dokumen: Catatan dan bukti yang relevan.\n• [Pra Bencana] dokumen terkait dengan: harta\n• [Pra Bencana] informasi banjir: Data mengenai potensi banjir.\n• [Pra Bencana] informasi banjir berkaitan dengan: kesiapsiagaan\n• [Pra Bencana] saluran dan jalur yang sering dilalui air banjir terkait dengan: banjir']","Baik, ini beberapa hal yang bisa kita lakukan untuk mencegah banjir di lingkungan sekitar:

1.  Pastikan sistem drainase di lingkungan kita berfungsi dengan baik. Drainase yang baik membantu mengurangi penumpukan air.
2.  Jaga agar kawasan resapan air tetap alami. Kawasan ini penting untuk mengurangi jumlah air yang mengalir dan mencegah banjir.
3.  Hindari perilaku yang tidak bertanggung jawab yang dapat menyebabkan banjir, seperti membuang sampah sembarangan.
4.  Waspadai curah hujan ekstrem. Hujan deras dapat menyebabkan penumpukan air dan banjir.
5.  Perhatikan area yang termasuk zona rawan banjir dan hindari membangun bangunan rumah di area tersebut.","Dokumen lebih berfokus pada kesiapsiagaan individu daripada pencegahan lingkungan skala luas, namun menyebutkan hindari membangun di tempat rawan banjir kecuali dengan penguatan/peninggian bangunan, serta menghindari penyebab banjir seperti membuang sampah di sungai dan penggundulan hutan yang mendangkalkan sungai.",1.0,,0.9999999999,0.8341300315238351
Apa itu sistem peringatan dini banjir?,"['• [Pra Bencana] banjir: Banjir adalah peristiwa di mana air menggenangi wilayah dalam jangka waktu tertentu.\n• [Pra Bencana] banjir berkaitan dengan: korban jiwa manusia, kerusakan lingkungan, kerugian harta benda, dampak psikologis, jakarta\n• [Pra Bencana] banjir terkait dengan: erosi, berkurangnya kawasan resapan air, perilaku tidak bertanggung jawab\n• [Pra Bencana] curah hujan: Hujan, terutama curah hujan ekstrem, yang dapat menyebabkan penumpukan air berlebihan.\n• [Pra Bencana] curah hujan berkaitan dengan: banjir, longsor, penumpukan air, kerusakan, tanah longsor\n• [Pra Bencana] drainase: Sistem drainase yang baik untuk mengurangi penumpukan air.\n• [Pra Bencana] drainase berkaitan dengan: kestabilan tanah, stabilitas lereng\n• [Pra Bencana] kawasan resapan air: Kawasan resapan air adalah area yang mengurangi infiltrasi air ke dalam tanah.\n• [Pra Bencana] hutan: Hutan adalah area yang tertutup pepohonan.\n• [Pra Bencana] hutan terkait dengan: api, rambu\n• [Pra Bencana] erosi: Erosi adalah proses pengikisan tanah oleh air atau angin.\n• [Pra Bencana] erosi berkaitan dengan: banjir\n• [Pra Bencana] erosi terkait dengan: penggundulan hutan, retensi tanaman dan vegetasi\n• [Saat Bencana] petabencana.id: PetaBencana.id adalah laman untuk memetakan ketinggian genangan air dan banjir.\n• [Saat Bencana] petabencana.id terkait dengan: banjir\n• [Saat Bencana] media sosial: Media Sosial adalah platform online untuk berbagi informasi.\n• [Saat Bencana] media sosial terkait dengan: banjir\n• [Pasca Bencana] bpbd: BPBD adalah instansi yang bertanggung jawab atas penanggulangan bencana.\n• [Pasca Bencana] bpbd berkaitan dengan: trc, banjir, masyarakat, kondisi sekitar, bmkg\n• [Pasca Bencana] bpbd terkait dengan: kegiatan keantariksaan, masyarakat\n• [Pra Bencana] hunian: Hunian adalah tempat tinggal.\n• [Pra Bencana] zona rawan banjir: Area yang berisiko tinggi mengalami banjir.\n• [Pra Bencana] zona rawan banjir berkaitan dengan: bangunan rumah\n• [Pra Bencana] tas siaga bencana: Tas berisi perlengkapan penting untuk digunakan selama atau setelah bencana.\n• [Pra Bencana] tas siaga bencana berkaitan dengan: persiapan untuk hidup mandiri\n• [Pra Bencana] dokumen penting: Dokumen yang berisi informasi vital yang perlu disimpan dengan aman.\n• [Pra Bencana] dokumen penting berkaitan dengan: tempat yang aman\n• [Pra Bencana] bangunan rumah: Struktur fisik yang menyediakan tempat tinggal.\n• [Pra Bencana] bangunan rumah terkait dengan: zona rawan banjir\n• [Pra Bencana] harta: Barang-barang yang dimiliki seseorang atau organisasi.\n• [Pra Bencana] harta berkaitan dengan: foto, dokumen\n• [Pra Bencana] foto: Representasi visual yang dibuat menggunakan kamera.\n• [Pra Bencana] foto berkaitan dengan: harta dan kepemilikan\n• [Pra Bencana] foto terkait dengan: harta\n• [Pra Bencana] dokumen: Catatan dan bukti yang relevan.\n• [Pra Bencana] dokumen terkait dengan: harta\n• [Saat Bencana] tenda pengungsian: Tempat sementara untuk menampung orang yang mengungsi.\n• [Saat Bencana] tenda pengungsian berkaitan dengan: saat bencana\n• [Saat Bencana] dapur umum: Fasilitas persiapan makanan untuk korban bencana.\n• [Saat Bencana] bantuan: Barang-barang atau dukungan yang diberikan kepada korban bencana.\n• [Saat Bencana] bantuan berkaitan dengan: distribusi\n• [Saat Bencana] air bersih: Air yang aman untuk dikonsumsi dan digunakan.\n• [Saat Bencana] air bersih berkaitan dengan: higienitas, efisien\n• [Saat Bencana] air bersih terkait dengan: penampungan air\n• [Pra Bencana] informasi banjir: Data mengenai potensi banjir.\n• [Pra Bencana] informasi banjir berkaitan dengan: kesiapsiagaan\n• [Saat Bencana] tempat yang lebih tinggi: Lokasi yang aman dari banjir.\n• [Saat Bencana] tempat yang lebih tinggi berkaitan dengan: evakuasi\n• [Saat Bencana] tempat yang lebih tinggi terkait dengan: orang\n• [Saat Bencana] arus bawah: Aliran air yang kuat dan berbahaya.\n• [Saat Bencana] arus bawah berkaitan dengan: keselamatan\n• [Saat Bencana] saluran air: Saluran yang dapat menjadi tempat terjadinya banjir.\n• [Saat Bencana] saluran air berkaitan dengan: arus banjir']","Sistem peringatan dini banjir adalah upaya untuk memberikan informasi mengenai potensi banjir sebelum banjir terjadi. Informasi ini didapatkan melalui pemantauan seperti curah hujan ekstrem dan kondisi drainase. PetaBencana.id adalah salah satu alat yang digunakan untuk memetakan ketinggian air dan membantu mengantisipasi banjir. Dengan informasi ini, kita bisa lebih siap menghadapi potensi banjir dan mengambil langkah pencegahan yang diperlukan.","Dokumen menyebutkan istilah peringatan Siaga I sampai Siaga IV terkait bahaya banjir yang perlu diketahui masyarakat sebagai bagian dari kesiapsiagaan pra bencana, namun tidak merinci detail sistem/mekanismenya.",0.3333333333333333,,0.9999999999,0.755917638096464
Apa yang harus dilakukan saat banjir mulai datang?,"['• [Saat Bencana] petabencana.id: PetaBencana.id adalah laman untuk memetakan ketinggian genangan air dan banjir.\n• [Saat Bencana] petabencana.id terkait dengan: banjir\n• [Saat Bencana] media sosial: Media Sosial adalah platform online untuk berbagi informasi.\n• [Saat Bencana] media sosial terkait dengan: banjir\n• [Saat Bencana] tenda pengungsian: Tempat sementara untuk menampung orang yang mengungsi.\n• [Saat Bencana] tenda pengungsian berkaitan dengan: saat bencana\n• [Saat Bencana] dapur umum: Fasilitas persiapan makanan untuk korban bencana.\n• [Saat Bencana] bantuan: Barang-barang atau dukungan yang diberikan kepada korban bencana.\n• [Saat Bencana] bantuan berkaitan dengan: distribusi\n• [Saat Bencana] air bersih: Air yang aman untuk dikonsumsi dan digunakan.\n• [Saat Bencana] air bersih berkaitan dengan: higienitas, efisien\n• [Saat Bencana] air bersih terkait dengan: penampungan air\n• [Saat Bencana] tempat yang lebih tinggi: Lokasi yang aman dari banjir.\n• [Saat Bencana] tempat yang lebih tinggi berkaitan dengan: evakuasi\n• [Saat Bencana] tempat yang lebih tinggi terkait dengan: orang\n• [Saat Bencana] arus bawah: Aliran air yang kuat dan berbahaya.\n• [Saat Bencana] arus bawah berkaitan dengan: keselamatan\n• [Saat Bencana] saluran air: Saluran yang dapat menjadi tempat terjadinya banjir.\n• [Saat Bencana] saluran air berkaitan dengan: arus banjir\n• [Saat Bencana] kubangan: Area yang rendah dan tergenang air.\n• [Saat Bencana] hujan: Curah hujan yang bisa memicu banjir.\n• [Saat Bencana] banjir bandang: Banjir yang terjadi dengan cepat dan dahsyat.\n• [Saat Bencana] rumah: Bangunan tempat tinggal.\n• [Saat Bencana] rumah berkaitan dengan: evakuasi, konstruksi tahan gempa, tetap berada di bawah meja\n• [Saat Bencana] rumah terkait dengan: anda\n• [Saat Bencana] perabot: Perlengkapan rumah tangga.\n• [Saat Bencana] perabot berkaitan dengan: keamanan\n• [Saat Bencana] alat-alat yang masih tersambung dengan listrik: Perangkat elektronik yang terhubung ke sumber listrik.\n• [Saat Bencana] pihak berwenang: Organisasi yang memiliki kewenangan dan tanggung jawab dalam penanganan bencana.\n• [Saat Bencana] pihak berwenang berkaitan dengan: matikan, instruksi, jalur evakuasi, shelter\n• [Saat Bencana] penampungan air: Penampungan air yang disiapkan untuk berjaga-jaga jika kehabisan air bersih.\n• [Saat Bencana] penampungan air berkaitan dengan: air bersih\n• [Saat Bencana] mobil: Sebuah kendaraan bermotor yang digunakan untuk transportasi.\n• [Saat Bencana] mobil berkaitan dengan: wilayah banjir, pinggir jalan\n• [Saat Bencana] pihak yang berwenang: Organisasi atau individu yang memiliki kewenangan dalam situasi bencana.\n• [Saat Bencana] pihak yang berwenang berkaitan dengan: melapor dan meminta bantuan air bersih, keluarga\n• [Saat Bencana] siaga i sampai dengan siaga iv terkait dengan: banjir\n• [Saat Bencana] arus banjir terkait dengan: saluran air\n• [Saat Bencana] wilayah banjir terkait dengan: mobil\n• [Saat Bencana] air banjir berkaitan dengan: zat-zat berbahaya, sabun dan air bersih\n• [Saat Bencana] air banjir terkait dengan: makanan\n• [Saat Bencana] zat-zat berbahaya terkait dengan: air banjir']","1.  Gunakan PetaBencana.id untuk melihat ketinggian air dan mengetahui area yang tergenang.
2.  Segera matikan alat-alat yang masih tersambung dengan listrik di rumah Anda.
3.  Jika memungkinkan, segera evakuasi ke tempat yang lebih tinggi, seperti bangunan atau area yang tidak tergenang air.
4.  Ikuti instruksi dari pihak berwenang mengenai jalur evakuasi dan tempat penampungan sementara (shelter).
5.  Prioritaskan keselamatan diri dan keluarga Anda, serta jaga kebersihan air bersih yang Anda gunakan.
","Segera evakuasi ke tempat yang lebih tinggi, waspada arus bawah/saluran air/kubangan, amankan rumah dan pindahkan barang berharga ke tempat aman/lebih tinggi, dan matikan aliran listrik jika ada instruksi dari pihak berwenang.",1.0,,0.9999999999,0.7825721969096003
Apakah boleh menerobos banjir dengan kendaraan?,"['• [Pra Bencana] banjir: Banjir adalah peristiwa di mana air menggenangi wilayah dalam jangka waktu tertentu.\n• [Pra Bencana] banjir berkaitan dengan: korban jiwa manusia, kerusakan lingkungan, kerugian harta benda, dampak psikologis, jakarta\n• [Pra Bencana] banjir terkait dengan: erosi, berkurangnya kawasan resapan air, perilaku tidak bertanggung jawab\n• [Pra Bencana] curah hujan: Hujan, terutama curah hujan ekstrem, yang dapat menyebabkan penumpukan air berlebihan.\n• [Pra Bencana] curah hujan berkaitan dengan: banjir, longsor, penumpukan air, kerusakan, tanah longsor\n• [Pra Bencana] drainase: Sistem drainase yang baik untuk mengurangi penumpukan air.\n• [Pra Bencana] drainase berkaitan dengan: kestabilan tanah, stabilitas lereng\n• [Pra Bencana] kawasan resapan air: Kawasan resapan air adalah area yang mengurangi infiltrasi air ke dalam tanah.\n• [Pra Bencana] hutan: Hutan adalah area yang tertutup pepohonan.\n• [Pra Bencana] hutan terkait dengan: api, rambu\n• [Pra Bencana] erosi: Erosi adalah proses pengikisan tanah oleh air atau angin.\n• [Pra Bencana] erosi berkaitan dengan: banjir\n• [Pra Bencana] erosi terkait dengan: penggundulan hutan, retensi tanaman dan vegetasi\n• [Saat Bencana] petabencana.id: PetaBencana.id adalah laman untuk memetakan ketinggian genangan air dan banjir.\n• [Saat Bencana] petabencana.id terkait dengan: banjir\n• [Saat Bencana] media sosial: Media Sosial adalah platform online untuk berbagi informasi.\n• [Saat Bencana] media sosial terkait dengan: banjir\n• [Pasca Bencana] bpbd: BPBD adalah instansi yang bertanggung jawab atas penanggulangan bencana.\n• [Pasca Bencana] bpbd berkaitan dengan: trc, banjir, masyarakat, kondisi sekitar, bmkg\n• [Pasca Bencana] bpbd terkait dengan: kegiatan keantariksaan, masyarakat\n• [Pra Bencana] hunian: Hunian adalah tempat tinggal.\n• [Pra Bencana] zona rawan banjir: Area yang berisiko tinggi mengalami banjir.\n• [Pra Bencana] zona rawan banjir berkaitan dengan: bangunan rumah\n• [Pra Bencana] tas siaga bencana: Tas berisi perlengkapan penting untuk digunakan selama atau setelah bencana.\n• [Pra Bencana] tas siaga bencana berkaitan dengan: persiapan untuk hidup mandiri\n• [Pra Bencana] dokumen penting: Dokumen yang berisi informasi vital yang perlu disimpan dengan aman.\n• [Pra Bencana] dokumen penting berkaitan dengan: tempat yang aman\n• [Pra Bencana] bangunan rumah: Struktur fisik yang menyediakan tempat tinggal.\n• [Pra Bencana] bangunan rumah terkait dengan: zona rawan banjir\n• [Pra Bencana] harta: Barang-barang yang dimiliki seseorang atau organisasi.\n• [Pra Bencana] harta berkaitan dengan: foto, dokumen\n• [Pra Bencana] foto: Representasi visual yang dibuat menggunakan kamera.\n• [Pra Bencana] foto berkaitan dengan: harta dan kepemilikan\n• [Pra Bencana] foto terkait dengan: harta\n• [Pra Bencana] dokumen: Catatan dan bukti yang relevan.\n• [Pra Bencana] dokumen terkait dengan: harta\n• [Saat Bencana] tenda pengungsian: Tempat sementara untuk menampung orang yang mengungsi.\n• [Saat Bencana] tenda pengungsian berkaitan dengan: saat bencana\n• [Saat Bencana] dapur umum: Fasilitas persiapan makanan untuk korban bencana.\n• [Saat Bencana] bantuan: Barang-barang atau dukungan yang diberikan kepada korban bencana.\n• [Saat Bencana] bantuan berkaitan dengan: distribusi\n• [Saat Bencana] air bersih: Air yang aman untuk dikonsumsi dan digunakan.\n• [Saat Bencana] air bersih berkaitan dengan: higienitas, efisien\n• [Saat Bencana] air bersih terkait dengan: penampungan air\n• [Pra Bencana] informasi banjir: Data mengenai potensi banjir.\n• [Pra Bencana] informasi banjir berkaitan dengan: kesiapsiagaan\n• [Saat Bencana] tempat yang lebih tinggi: Lokasi yang aman dari banjir.\n• [Saat Bencana] tempat yang lebih tinggi berkaitan dengan: evakuasi\n• [Saat Bencana] tempat yang lebih tinggi terkait dengan: orang\n• [Saat Bencana] arus bawah: Aliran air yang kuat dan berbahaya.\n• [Saat Bencana] arus bawah berkaitan dengan: keselamatan\n• [Saat Bencana] saluran air: Saluran yang dapat menjadi tempat terjadinya banjir.\n• [Saat Bencana] saluran air berkaitan dengan: arus banjir']","**Pra Bencana:**
1. Jangan menerobos banjir dengan kendaraan.
2. Banjir adalah peristiwa di mana air menggenangi wilayah dalam jangka waktu tertentu.
3. Halaman hijau atau kawasan resapan air merupakan tempat yang lebih aman.

**Saat Bencana:**
1. Jangan menerobos banjir dengan kendaraan.
2. Cari tempat yang lebih tinggi untuk evakuasi.
3. Perhatikan arus bawah, karena bisa sangat berbahaya.

**Pasca Bencana:**
1. BPBD akan melakukan koordinasi untuk penanggulangan bencana.
2. Pastikan untuk menghubungi keluarga dan teman untuk memastikan kondisi mereka.
3.  Perhatikan informasi banjir dari media sosial dan petaBencana.id.","Tidak boleh. Dokumen menyebutkan jangan mengemudikan mobil di wilayah banjir; apabila air mulai naik, tinggalkan mobil dan segera menuju tempat yang lebih tinggi, karena jika tidak, pengendara dan mobil bisa tersapu arus banjir dengan cepat.",0.7777777777777778,,0.9999999999,0.5884580226712646
Apa bahaya yang mengintai saat banjir?,"['• [Pra Bencana] banjir: Banjir adalah peristiwa di mana air menggenangi wilayah dalam jangka waktu tertentu.\n• [Pra Bencana] banjir berkaitan dengan: korban jiwa manusia, kerusakan lingkungan, kerugian harta benda, dampak psikologis, jakarta\n• [Pra Bencana] banjir terkait dengan: erosi, berkurangnya kawasan resapan air, perilaku tidak bertanggung jawab\n• [Pra Bencana] curah hujan: Hujan, terutama curah hujan ekstrem, yang dapat menyebabkan penumpukan air berlebihan.\n• [Pra Bencana] curah hujan berkaitan dengan: banjir, longsor, penumpukan air, kerusakan, tanah longsor\n• [Pra Bencana] drainase: Sistem drainase yang baik untuk mengurangi penumpukan air.\n• [Pra Bencana] drainase berkaitan dengan: kestabilan tanah, stabilitas lereng\n• [Pra Bencana] kawasan resapan air: Kawasan resapan air adalah area yang mengurangi infiltrasi air ke dalam tanah.\n• [Pra Bencana] hutan: Hutan adalah area yang tertutup pepohonan.\n• [Pra Bencana] hutan terkait dengan: api, rambu\n• [Pra Bencana] erosi: Erosi adalah proses pengikisan tanah oleh air atau angin.\n• [Pra Bencana] erosi berkaitan dengan: banjir\n• [Pra Bencana] erosi terkait dengan: penggundulan hutan, retensi tanaman dan vegetasi\n• [Saat Bencana] petabencana.id: PetaBencana.id adalah laman untuk memetakan ketinggian genangan air dan banjir.\n• [Saat Bencana] petabencana.id terkait dengan: banjir\n• [Saat Bencana] media sosial: Media Sosial adalah platform online untuk berbagi informasi.\n• [Saat Bencana] media sosial terkait dengan: banjir\n• [Pasca Bencana] bpbd: BPBD adalah instansi yang bertanggung jawab atas penanggulangan bencana.\n• [Pasca Bencana] bpbd berkaitan dengan: trc, banjir, masyarakat, kondisi sekitar, bmkg\n• [Pasca Bencana] bpbd terkait dengan: kegiatan keantariksaan, masyarakat\n• [Pra Bencana] hunian: Hunian adalah tempat tinggal.\n• [Pra Bencana] zona rawan banjir: Area yang berisiko tinggi mengalami banjir.\n• [Pra Bencana] zona rawan banjir berkaitan dengan: bangunan rumah\n• [Pra Bencana] tas siaga bencana: Tas berisi perlengkapan penting untuk digunakan selama atau setelah bencana.\n• [Pra Bencana] tas siaga bencana berkaitan dengan: persiapan untuk hidup mandiri\n• [Pra Bencana] dokumen penting: Dokumen yang berisi informasi vital yang perlu disimpan dengan aman.\n• [Pra Bencana] dokumen penting berkaitan dengan: tempat yang aman\n• [Pra Bencana] bangunan rumah: Struktur fisik yang menyediakan tempat tinggal.\n• [Pra Bencana] bangunan rumah terkait dengan: zona rawan banjir\n• [Pra Bencana] harta: Barang-barang yang dimiliki seseorang atau organisasi.\n• [Pra Bencana] harta berkaitan dengan: foto, dokumen\n• [Pra Bencana] foto: Representasi visual yang dibuat menggunakan kamera.\n• [Pra Bencana] foto berkaitan dengan: harta dan kepemilikan\n• [Pra Bencana] foto terkait dengan: harta\n• [Pra Bencana] dokumen: Catatan dan bukti yang relevan.\n• [Pra Bencana] dokumen terkait dengan: harta\n• [Saat Bencana] tenda pengungsian: Tempat sementara untuk menampung orang yang mengungsi.\n• [Saat Bencana] tenda pengungsian berkaitan dengan: saat bencana\n• [Saat Bencana] dapur umum: Fasilitas persiapan makanan untuk korban bencana.\n• [Saat Bencana] bantuan: Barang-barang atau dukungan yang diberikan kepada korban bencana.\n• [Saat Bencana] bantuan berkaitan dengan: distribusi\n• [Saat Bencana] air bersih: Air yang aman untuk dikonsumsi dan digunakan.\n• [Saat Bencana] air bersih berkaitan dengan: higienitas, efisien\n• [Saat Bencana] air bersih terkait dengan: penampungan air\n• [Pra Bencana] informasi banjir: Data mengenai potensi banjir.\n• [Pra Bencana] informasi banjir berkaitan dengan: kesiapsiagaan\n• [Saat Bencana] tempat yang lebih tinggi: Lokasi yang aman dari banjir.\n• [Saat Bencana] tempat yang lebih tinggi berkaitan dengan: evakuasi\n• [Saat Bencana] tempat yang lebih tinggi terkait dengan: orang\n• [Saat Bencana] arus bawah: Aliran air yang kuat dan berbahaya.\n• [Saat Bencana] arus bawah berkaitan dengan: keselamatan\n• [Saat Bencana] saluran air: Saluran yang dapat menjadi tempat terjadinya banjir.\n• [Saat Bencana] saluran air berkaitan dengan: arus banjir']","1. Kerusakan lingkungan.
2. Kerugian harta benda.
3. Dampak psikologis.
4. Erosi tanah.
5. Arus bawah.","Bahaya saat banjir meliputi kontaminasi zat-zat berbahaya pada air banjir, ancaman kesetrum dari instalasi listrik, arus air yang bergerak deras, risiko banjir bandang yang bisa datang tanpa peringatan, serta bahaya tersapu arus jika nekat menerjang banjir dengan berjalan kaki atau berkendara.",1.0,,0.9999999999,0.6404626538355634
Bagaimana cara menyelamatkan diri jika terjebak banjir di dalam rumah?,"['• [Pra Bencana] banjir: Banjir adalah peristiwa di mana air menggenangi wilayah dalam jangka waktu tertentu.\n• [Pra Bencana] banjir berkaitan dengan: korban jiwa manusia, kerusakan lingkungan, kerugian harta benda, dampak psikologis, jakarta\n• [Pra Bencana] banjir terkait dengan: erosi, berkurangnya kawasan resapan air, perilaku tidak bertanggung jawab\n• [Pra Bencana] curah hujan: Hujan, terutama curah hujan ekstrem, yang dapat menyebabkan penumpukan air berlebihan.\n• [Pra Bencana] curah hujan berkaitan dengan: banjir, longsor, penumpukan air, kerusakan, tanah longsor\n• [Pra Bencana] drainase: Sistem drainase yang baik untuk mengurangi penumpukan air.\n• [Pra Bencana] drainase berkaitan dengan: kestabilan tanah, stabilitas lereng\n• [Pra Bencana] kawasan resapan air: Kawasan resapan air adalah area yang mengurangi infiltrasi air ke dalam tanah.\n• [Pra Bencana] hutan: Hutan adalah area yang tertutup pepohonan.\n• [Pra Bencana] hutan terkait dengan: api, rambu\n• [Pra Bencana] erosi: Erosi adalah proses pengikisan tanah oleh air atau angin.\n• [Pra Bencana] erosi berkaitan dengan: banjir\n• [Pra Bencana] erosi terkait dengan: penggundulan hutan, retensi tanaman dan vegetasi\n• [Saat Bencana] petabencana.id: PetaBencana.id adalah laman untuk memetakan ketinggian genangan air dan banjir.\n• [Saat Bencana] petabencana.id terkait dengan: banjir\n• [Saat Bencana] media sosial: Media Sosial adalah platform online untuk berbagi informasi.\n• [Saat Bencana] media sosial terkait dengan: banjir\n• [Pasca Bencana] bpbd: BPBD adalah instansi yang bertanggung jawab atas penanggulangan bencana.\n• [Pasca Bencana] bpbd berkaitan dengan: trc, banjir, masyarakat, kondisi sekitar, bmkg\n• [Pasca Bencana] bpbd terkait dengan: kegiatan keantariksaan, masyarakat\n• [Pra Bencana] hunian: Hunian adalah tempat tinggal.\n• [Pra Bencana] zona rawan banjir: Area yang berisiko tinggi mengalami banjir.\n• [Pra Bencana] zona rawan banjir berkaitan dengan: bangunan rumah\n• [Pra Bencana] tas siaga bencana: Tas berisi perlengkapan penting untuk digunakan selama atau setelah bencana.\n• [Pra Bencana] tas siaga bencana berkaitan dengan: persiapan untuk hidup mandiri\n• [Pra Bencana] dokumen penting: Dokumen yang berisi informasi vital yang perlu disimpan dengan aman.\n• [Pra Bencana] dokumen penting berkaitan dengan: tempat yang aman\n• [Pra Bencana] bangunan rumah: Struktur fisik yang menyediakan tempat tinggal.\n• [Pra Bencana] bangunan rumah terkait dengan: zona rawan banjir\n• [Pra Bencana] harta: Barang-barang yang dimiliki seseorang atau organisasi.\n• [Pra Bencana] harta berkaitan dengan: foto, dokumen\n• [Pra Bencana] foto: Representasi visual yang dibuat menggunakan kamera.\n• [Pra Bencana] foto berkaitan dengan: harta dan kepemilikan\n• [Pra Bencana] foto terkait dengan: harta\n• [Pra Bencana] dokumen: Catatan dan bukti yang relevan.\n• [Pra Bencana] dokumen terkait dengan: harta\n• [Saat Bencana] tenda pengungsian: Tempat sementara untuk menampung orang yang mengungsi.\n• [Saat Bencana] tenda pengungsian berkaitan dengan: saat bencana\n• [Saat Bencana] dapur umum: Fasilitas persiapan makanan untuk korban bencana.\n• [Saat Bencana] bantuan: Barang-barang atau dukungan yang diberikan kepada korban bencana.\n• [Saat Bencana] bantuan berkaitan dengan: distribusi\n• [Saat Bencana] air bersih: Air yang aman untuk dikonsumsi dan digunakan.\n• [Saat Bencana] air bersih berkaitan dengan: higienitas, efisien\n• [Saat Bencana] air bersih terkait dengan: penampungan air\n• [Pra Bencana] informasi banjir: Data mengenai potensi banjir.\n• [Pra Bencana] informasi banjir berkaitan dengan: kesiapsiagaan\n• [Saat Bencana] tempat yang lebih tinggi: Lokasi yang aman dari banjir.\n• [Saat Bencana] tempat yang lebih tinggi berkaitan dengan: evakuasi\n• [Saat Bencana] tempat yang lebih tinggi terkait dengan: orang\n• [Saat Bencana] arus bawah: Aliran air yang kuat dan berbahaya.\n• [Saat Bencana] arus bawah berkaitan dengan: keselamatan\n• [Saat Bencana] saluran air: Saluran yang dapat menjadi tempat terjadinya banjir.\n• [Saat Bencana] saluran air berkaitan dengan: arus banjir']","**Pra Bencana:**

1.  Waspadai informasi banjir, terutama curah hujan ekstrem.
2.  Pastikan rumah Anda tidak berada di zona rawan banjir.
3.  Siapkan tas siaga bencana berisi perlengkapan penting, termasuk dokumen penting dan foto harta benda.

**Saat Bencana:**

1.  Cari tempat yang lebih tinggi sebagai tempat berlindung.
2.  Jauhi arus bawah dan saluran air yang tergenang.
3.  Jika memungkinkan, evakuasi diri ke tempat yang lebih aman.

**Pasca Bencana:**

1.  Lapor keadaan Anda kepada BPBD Kabupaten Bogor melalui media sosial atau petabencana.id.
2.  Dapatkan bantuan berupa air bersih, makanan, dan kebutuhan lainnya.
3.  Dokumentasikan kerusakan harta benda dengan foto untuk keperluan klaim asuransi atau bantuan.
","Segera evakuasi ke tempat yang lebih tinggi, matikan aliran listrik, hindari menyentuh peralatan listrik saat berdiri di air, dan jika harus berjalan di air gunakan tongkat untuk memeriksa pijakan serta hindari arus air yang bergerak.",1.0,,0.9999999999,0.7021156200327435
Apa yang harus dilakukan setelah banjir surut?,"['• [Pasca Bencana] bpbd: BPBD adalah instansi yang bertanggung jawab atas penanggulangan bencana.\n• [Pasca Bencana] bpbd berkaitan dengan: trc, banjir, masyarakat, kondisi sekitar, bmkg\n• [Pasca Bencana] bpbd terkait dengan: kegiatan keantariksaan, masyarakat\n• [Pasca Bencana] sabun dan air bersih: Sabun dan air bersih digunakan untuk mencuci tangan.\n• [Pasca Bencana] sabun dan air bersih terkait dengan: air banjir\n• [Pasca Bencana] tempat tinggal: Area di mana seseorang atau keluarga tinggal.\n• [Pasca Bencana] tempat tinggal berkaitan dengan: lingkungan rumah\n• [Pasca Bencana] tempat tinggal terkait dengan: banjir\n• [Pasca Bencana] lingkungan rumah: Area di sekitar tempat tinggal.\n• [Pasca Bencana] lingkungan rumah berkaitan dengan: bersihkan tempat tinggal dan lingkungan rumah dari sisa- sisa kotoran\n• [Pasca Bencana] lingkungan rumah terkait dengan: tempat tinggal\n• [Pasca Bencana] sisa-sisa kotoran: Material tidak bersih yang tersisa setelah banjir.\n• [Pasca Bencana] sisa-sisa kotoran terkait dengan: banjir\n• [Pasca Bencana] pemberantasan sarang nyamuk (psn): Upaya untuk menghilangkan sarang nyamuk guna mencegah penyebaran penyakit.\n• [Pasca Bencana] fasilitas kesehatan terdekat: Penyedia layanan medis yang terletak di dekat tempat tinggal.\n• [Pasca Bencana] fasilitas kesehatan terdekat berkaitan dengan: perawatan kesehatan\n• [Pasca Bencana] sumur gali: Sumber air tanah yang digali.\n• [Pasca Bencana] jamban: Tempat untuk buang air besar.\n• [Pasca Bencana] saluran pembuangan air limbah (spal): Sistem untuk mengelola dan membuang air limbah.\n• [Pasca Bencana] keluarga berkaitan dengan: kesehatan dan keselamatan\n• [Pasca Bencana] keluarga terkait dengan: pihak yang berwenang\n• [Pasca Bencana] makanan berkaitan dengan: air banjir']","1. Setelah banjir surut, bersihkan tempat tinggal dan lingkungan rumah dari sisa-sisa kotoran.
2. Gunakan sabun dan air bersih untuk mencuci tangan, terutama jika ada air banjir.
3. Jaga kesehatan dan keselamatan keluarga dengan mencari informasi mengenai perawatan kesehatan dari fasilitas kesehatan terdekat.
4. BPBD bertanggung jawab atas penanggulangan bencana, jadi jangan ragu untuk menghubungi mereka jika ada kebutuhan.
5.  Pastikan tempat tinggal aman, terutama terkait dengan risiko banjir.","Periksa kondisi rumah dengan hati-hati (waspada kerusakan fondasi yang tak terlihat), hindari area yang airnya baru surut karena jalan bisa ambles, cuci tangan dengan sabun dan air bersih, buang makanan yang terkontaminasi, dapatkan perawatan kesehatan bila perlu, dan bersihkan tempat tinggal dari sisa-sisa kotoran.",0.8,,0.9999999999,0.7733046000211146
Penyakit apa yang sering muncul setelah banjir?,"['• [Pasca Bencana] bpbd: BPBD adalah instansi yang bertanggung jawab atas penanggulangan bencana.\n• [Pasca Bencana] bpbd berkaitan dengan: trc, banjir, masyarakat, kondisi sekitar, bmkg\n• [Pasca Bencana] bpbd terkait dengan: kegiatan keantariksaan, masyarakat\n• [Pasca Bencana] sabun dan air bersih: Sabun dan air bersih digunakan untuk mencuci tangan.\n• [Pasca Bencana] sabun dan air bersih terkait dengan: air banjir\n• [Pasca Bencana] tempat tinggal: Area di mana seseorang atau keluarga tinggal.\n• [Pasca Bencana] tempat tinggal berkaitan dengan: lingkungan rumah\n• [Pasca Bencana] tempat tinggal terkait dengan: banjir\n• [Pasca Bencana] lingkungan rumah: Area di sekitar tempat tinggal.\n• [Pasca Bencana] lingkungan rumah berkaitan dengan: bersihkan tempat tinggal dan lingkungan rumah dari sisa- sisa kotoran\n• [Pasca Bencana] lingkungan rumah terkait dengan: tempat tinggal\n• [Pasca Bencana] sisa-sisa kotoran: Material tidak bersih yang tersisa setelah banjir.\n• [Pasca Bencana] sisa-sisa kotoran terkait dengan: banjir\n• [Pasca Bencana] pemberantasan sarang nyamuk (psn): Upaya untuk menghilangkan sarang nyamuk guna mencegah penyebaran penyakit.\n• [Pasca Bencana] fasilitas kesehatan terdekat: Penyedia layanan medis yang terletak di dekat tempat tinggal.\n• [Pasca Bencana] fasilitas kesehatan terdekat berkaitan dengan: perawatan kesehatan\n• [Pasca Bencana] sumur gali: Sumber air tanah yang digali.\n• [Pasca Bencana] jamban: Tempat untuk buang air besar.\n• [Pasca Bencana] saluran pembuangan air limbah (spal): Sistem untuk mengelola dan membuang air limbah.\n• [Pasca Bencana] keluarga berkaitan dengan: kesehatan dan keselamatan\n• [Pasca Bencana] keluarga terkait dengan: pihak yang berwenang\n• [Pasca Bencana] makanan berkaitan dengan: air banjir']","Tentu, saya akan bantu menjawab pertanyaan Anda. Berikut adalah informasi yang bisa saya sampaikan mengenai penyakit yang sering muncul setelah banjir:

1.  Setelah banjir, berhati-hatilah terhadap penyakit yang disebabkan oleh air banjir.
2.  Penting untuk selalu mencuci tangan menggunakan sabun dan air bersih.
3.  Upayakan pemberantasan sarang nyamuk (PSN) untuk mencegah penyebaran penyakit akibat nyamuk.
4.  Pastikan untuk selalu menjaga kesehatan dan keselamatan keluarga Anda.
5.  Jika ada yang sakit, segera cari pertolongan di fasilitas kesehatan terdekat.","Dokumen tidak merinci jenis penyakit spesifik, namun menekankan pentingnya mencuci tangan dengan sabun dan air bersih serta melakukan Pemberantasan Sarang Nyamuk (PSN) pasca banjir untuk mencegah penyebaran penyakit.",1.0,,0.9999999999,0.7625432806065965
Bagaimana cara memastikan air minum aman setelah banjir?,"['• [Pasca Bencana] bpbd: BPBD adalah instansi yang bertanggung jawab atas penanggulangan bencana.\n• [Pasca Bencana] bpbd berkaitan dengan: trc, banjir, masyarakat, kondisi sekitar, bmkg\n• [Pasca Bencana] bpbd terkait dengan: kegiatan keantariksaan, masyarakat\n• [Pasca Bencana] sabun dan air bersih: Sabun dan air bersih digunakan untuk mencuci tangan.\n• [Pasca Bencana] sabun dan air bersih terkait dengan: air banjir\n• [Pasca Bencana] tempat tinggal: Area di mana seseorang atau keluarga tinggal.\n• [Pasca Bencana] tempat tinggal berkaitan dengan: lingkungan rumah\n• [Pasca Bencana] tempat tinggal terkait dengan: banjir\n• [Pasca Bencana] lingkungan rumah: Area di sekitar tempat tinggal.\n• [Pasca Bencana] lingkungan rumah berkaitan dengan: bersihkan tempat tinggal dan lingkungan rumah dari sisa- sisa kotoran\n• [Pasca Bencana] lingkungan rumah terkait dengan: tempat tinggal\n• [Pasca Bencana] sisa-sisa kotoran: Material tidak bersih yang tersisa setelah banjir.\n• [Pasca Bencana] sisa-sisa kotoran terkait dengan: banjir\n• [Pasca Bencana] pemberantasan sarang nyamuk (psn): Upaya untuk menghilangkan sarang nyamuk guna mencegah penyebaran penyakit.\n• [Pasca Bencana] fasilitas kesehatan terdekat: Penyedia layanan medis yang terletak di dekat tempat tinggal.\n• [Pasca Bencana] fasilitas kesehatan terdekat berkaitan dengan: perawatan kesehatan\n• [Pasca Bencana] sumur gali: Sumber air tanah yang digali.\n• [Pasca Bencana] jamban: Tempat untuk buang air besar.\n• [Pasca Bencana] saluran pembuangan air limbah (spal): Sistem untuk mengelola dan membuang air limbah.\n• [Pasca Bencana] keluarga berkaitan dengan: kesehatan dan keselamatan\n• [Pasca Bencana] keluarga terkait dengan: pihak yang berwenang\n• [Pasca Bencana] makanan berkaitan dengan: air banjir']","1.  Setelah banjir, gunakan sabun dan air bersih untuk mencuci tangan.
2.  Bersihkan tempat tinggal dan lingkungan rumah dari sisa-sisa kotoran yang terkumpul akibat banjir.
3.  Pastikan tempat tinggal Anda aman dari risiko banjir.
4.  Jaga kesehatan dan keselamatan keluarga Anda.
5.  Hubungi pihak yang berwenang jika Anda membutuhkan bantuan.","Dokumen tidak merinci cara memastikan air minum secara spesifik, namun menyebutkan pentingnya membersihkan dan menyiapkan penampungan air cadangan, serta keterlibatan dalam kaporitisasi sumur gali pasca bencana untuk menjaga kualitas air.",0.4,,0.9999999999,0.6925167049017005
Bagaimana cara mitigasi tanah longsor?,"['• [Pra Bencana] curah hujan: Hujan, terutama curah hujan ekstrem, yang dapat menyebabkan penumpukan air berlebihan.\n• [Pra Bencana] curah hujan berkaitan dengan: banjir, longsor, penumpukan air, kerusakan, tanah longsor\n• [Pra Bencana] drainase: Sistem drainase yang baik untuk mengurangi penumpukan air.\n• [Pra Bencana] drainase berkaitan dengan: kestabilan tanah, stabilitas lereng\n• [Pra Bencana] hutan: Hutan adalah area yang tertutup pepohonan.\n• [Pra Bencana] hutan terkait dengan: api, rambu\n• [Pra Bencana] tanah longsor: Pergerakan tiba-tiba dan cepat dari sejumlah besar tanah ke bawah lereng.\n• [Pra Bencana] tanah longsor berkaitan dengan: korban jiwa manusia, kerusakan lingkungan, kerugian harta benda, dampak psikologis, 5 bencana kabupaten bogor\n• [Pra Bencana] tanah longsor terkait dengan: curah hujan, lereng terjal, tanah yang kurang padat\n• [Pra Bencana] bangunan penahan: Struktur yang dirancang untuk menahan pergerakan tanah.\n• [Pra Bencana] bangunan penahan berkaitan dengan: stabilitas lereng\n• [Pra Bencana] jangkar (anchor): Sistem penahan yang menggunakan jangkar untuk menstabilkan lereng.\n• [Pra Bencana] jangkar (anchor) berkaitan dengan: stabilitas lereng\n• [Pra Bencana] pilling: Teknik konstruksi yang melibatkan penanaman tiang-tiang beton ke dalam tanah untuk menstabilkan tanah.\n• [Pra Bencana] pemukiman: Proses pembangunan perumahan dan fasilitas.\n• [Pra Bencana] pemukiman berkaitan dengan: hindaran daerah rawan longsor\n• [Pra Bencana] fasilitas utama: Bangunan atau area penting seperti sekolah, rumah sakit, atau kantor pemerintah.\n• [Pra Bencana] fasilitas utama berkaitan dengan: hindaran daerah rawan longsor\n• [Pra Bencana] terasering: Teknik pembuatan lahan dengan bentuk tertera untuk mengurangi kemiringan dan memungkinkan drainase.\n• [Pra Bencana] terasering berkaitan dengan: drainase yang optimal\n• [Pra Bencana] tanaman: Vegetasi yang digunakan untuk tujuan penghijauan dan stabilisasi lereng.\n• [Pra Bencana] tanaman berkaitan dengan: stabilitas lereng\n• [Pra Bencana] fondasi yang kuat: Dasar bangunan yang dirancang untuk menahan beban dan tekanan.\n• [Pra Bencana] fondasi yang kuat berkaitan dengan: stabilitas bangunan\n• [Pra Bencana] pemadatan tanah: Proses meningkatkan kepadatan tanah untuk meningkatkan stabilitasnya.\n• [Pra Bencana] pemadatan tanah berkaitan dengan: stabilitas tanah\n• [Pra Bencana] daerah rawan longsor: Area yang memiliki risiko tinggi terjadinya longsor.\n• [Pra Bencana] daerah rawan longsor berkaitan dengan: perencanaan mitigasi\n• [Pra Bencana] tanggul penahan: Struktur untuk mencegah tanah longsor.\n• [Pra Bencana] tanggul penahan berkaitan dengan: stabilitas lereng\n• [Pra Bencana] runtuhan batuan: Merujuk pada kejadian di mana batu atau material batuan runtuh secara tiba-tiba.\n• [Pra Bencana] pondasi tiang pancang: Struktur penopang bawah tanah yang disarankan untuk mencegah bahaya liquefaction.\n• [Pra Bencana] pondasi tiang pancang berkaitan dengan: liquefaction\n• [Pra Bencana] liquefaction: Infeksi cairan, kondisi tanah yang kehilangan kekuatan akibat gempa atau getaran.\n• [Pra Bencana] liquefaction terkait dengan: pondasi tiang pancang\n• [Pra Bencana] utilitas: Tindakan yang harus dilakukan oleh infrastruktur yang ada di dalam tanah.\n• [Pra Bencana] utilitas berkaitan dengan: fleksibel\n• [Pra Bencana] rekahan: Retakan atau celah di permukaan lereng.\n• [Pra Bencana] rekahan berkaitan dengan: air\n• [Pra Bencana] tanaman dengan akar kuat: Jenis tanaman yang memiliki akar kuat dan banyak seperti nangka, durian, pete, kaliandra dan sebagainya.\n• [Pra Bencana] tanaman dengan akar kuat berkaitan dengan: tanah\n• [Pra Bencana] bangunan permanen: Bangunan yang dirancang untuk bertahan lama dan dibangun dengan cara tradisional.\n• [Pra Bencana] bangunan permanen berkaitan dengan: tebing dan tanah tidak stabil\n• [Pra Bencana] tebing dan tanah tidak stabil: Area di mana tanah atau batuan tidak stabil dan rentan terhadap gerakan tanah.\n• [Pra Bencana] tebing dan tanah tidak stabil terkait dengan: bangunan permanen\n• [Pra Bencana] selokan: Saluran yang dirancang untuk mengalirkan air hujan.\n• [Pra Bencana] lereng terjal berkaitan dengan: tanah longsor']","1.  Kita bisa mencegah tanah longsor dengan memastikan drainase yang baik, yaitu dengan membangun selokan untuk mengalirkan air hujan.
2.  Penting juga untuk menghindari pembangunan di daerah rawan longsor dan selalu mempertimbangkan perencanaan mitigasi.
3.  Pemadatan tanah bisa membantu menstabilkan tanah, terutama di lereng yang kurang padat.
4.  Memilih tanaman dengan akar kuat, seperti nangka atau pete, dapat membantu menstabilkan lereng.
5.  Pastikan fondasi bangunan kuat dan stabil, terutama pada bangunan permanen di tebing atau tanah tidak stabil.
","Mitigasi tanah longsor meliputi menjaga sistem drainase agar tidak menumpuk air di lereng, membangun bangunan penahan dan jangkar (anchor), menghindari pembangunan di daerah rawan longsor, membuat terasering dengan drainase yang tepat, melakukan penghijauan dengan tanaman berakar dalam, mendirikan bangunan dengan fondasi kuat, serta tidak menggunduli hutan atau menebang pohon sembarangan.",1.0,,0.9999999999,0.613946944155424
Apa yang harus dilakukan saat terjadi tanah longsor?,['• [Saat Bencana] sistem peringatan dini longsor: Sistem yang digunakan untuk memberikan peringatan tentang potensi longsor.\n• [Saat Bencana] sistem peringatan dini longsor berkaitan dengan: perhatian\n• [Saat Bencana] zona evakuasi: Area yang telah ditentukan untuk digunakan sebagai tempat aman selama evakuasi.\n• [Saat Bencana] tanah labil: Tanah yang tidak stabil dan mudah mengalami pergeseran atau gerakan.\n• [Saat Bencana] longsor susulan: Pergerakan tanah atau batuan yang terjadi setelah terjadi longsor awal.\n• [Saat Bencana] longsor susulan terkait dengan: longsor'],"Baik, ini yang bisa kita lakukan saat terjadi longsor:

1.  Perhatikan terus peringatan yang diberikan melalui sistem peringatan dini longsor.
2.  Saat ada peringatan, segera berikan perhatian dan waspada terhadap potensi longsor.
3.  Jika ada longsor, segera menuju ke zona evakuasi yang telah ditentukan.
4.  Longsor bisa terjadi susulan setelah longsor awal, jadi tetap waspada terhadap kemungkinan tersebut.
5.  Perhatikan area yang tanahnya tidak stabil, karena tanah tersebut berpotensi longsor.","Segera evakuasi menjauhi suara gemuruh atau arah datangnya longsoran. Jika mendengar sirine peringatan longsor (Sistem Peringatan Dini Longsor), segera evakuasi ke zona evakuasi yang telah ditentukan.",0.8571428571428571,,0.9999999999,0.7314597608281489
Apa yang dilakukan setelah tanah longsor?,['• [Pasca Bencana] pasca bencana: Tahap setelah bencana yang fokus pada pemulihan.'],"Tentu saja! Setelah terjadi tanah longsor, ada beberapa hal yang perlu dilakukan dalam tahap pemulihan ini. Berikut adalah langkah-langkahnya:

1.  Setelah bencana, kita akan memasuki tahap pemulihan yang disebut ""pasca bencana"".
2.  Tahap ini fokus untuk membantu masyarakat yang terdampak.
3.  Prioritas utama adalah memastikan keselamatan dan kebutuhan dasar terpenuhi.
4.  Selanjutnya, dilakukan upaya perbaikan infrastruktur dan bangunan yang rusak.
5.  Terakhir, dilakukan penataan kembali wilayah untuk mencegah kejadian serupa di masa depan.","Hindari wilayah longsor karena kondisi tanah yang masih labil. Apabila hujan turun setelah longsor terjadi, antisipasi kemungkinan longsor susulan.",0.8333333333333334,,0.0,0.7916626817949997
Apa itu tanah longsor?,"['• [Pra Bencana] curah hujan: Hujan, terutama curah hujan ekstrem, yang dapat menyebabkan penumpukan air berlebihan.\n• [Pra Bencana] curah hujan berkaitan dengan: banjir, longsor, penumpukan air, kerusakan, tanah longsor\n• [Pra Bencana] drainase: Sistem drainase yang baik untuk mengurangi penumpukan air.\n• [Pra Bencana] drainase berkaitan dengan: kestabilan tanah, stabilitas lereng\n• [Pra Bencana] hutan: Hutan adalah area yang tertutup pepohonan.\n• [Pra Bencana] hutan terkait dengan: api, rambu\n• [Pra Bencana] tanah longsor: Pergerakan tiba-tiba dan cepat dari sejumlah besar tanah ke bawah lereng.\n• [Pra Bencana] tanah longsor berkaitan dengan: korban jiwa manusia, kerusakan lingkungan, kerugian harta benda, dampak psikologis, 5 bencana kabupaten bogor\n• [Pra Bencana] tanah longsor terkait dengan: curah hujan, lereng terjal, tanah yang kurang padat\n• [Pra Bencana] bangunan penahan: Struktur yang dirancang untuk menahan pergerakan tanah.\n• [Pra Bencana] bangunan penahan berkaitan dengan: stabilitas lereng\n• [Pra Bencana] jangkar (anchor): Sistem penahan yang menggunakan jangkar untuk menstabilkan lereng.\n• [Pra Bencana] jangkar (anchor) berkaitan dengan: stabilitas lereng\n• [Pra Bencana] pilling: Teknik konstruksi yang melibatkan penanaman tiang-tiang beton ke dalam tanah untuk menstabilkan tanah.\n• [Pra Bencana] pemukiman: Proses pembangunan perumahan dan fasilitas.\n• [Pra Bencana] pemukiman berkaitan dengan: hindaran daerah rawan longsor\n• [Pra Bencana] fasilitas utama: Bangunan atau area penting seperti sekolah, rumah sakit, atau kantor pemerintah.\n• [Pra Bencana] fasilitas utama berkaitan dengan: hindaran daerah rawan longsor\n• [Pra Bencana] terasering: Teknik pembuatan lahan dengan bentuk tertera untuk mengurangi kemiringan dan memungkinkan drainase.\n• [Pra Bencana] terasering berkaitan dengan: drainase yang optimal\n• [Pra Bencana] tanaman: Vegetasi yang digunakan untuk tujuan penghijauan dan stabilisasi lereng.\n• [Pra Bencana] tanaman berkaitan dengan: stabilitas lereng\n• [Pra Bencana] fondasi yang kuat: Dasar bangunan yang dirancang untuk menahan beban dan tekanan.\n• [Pra Bencana] fondasi yang kuat berkaitan dengan: stabilitas bangunan\n• [Pra Bencana] pemadatan tanah: Proses meningkatkan kepadatan tanah untuk meningkatkan stabilitasnya.\n• [Pra Bencana] pemadatan tanah berkaitan dengan: stabilitas tanah\n• [Pra Bencana] daerah rawan longsor: Area yang memiliki risiko tinggi terjadinya longsor.\n• [Pra Bencana] daerah rawan longsor berkaitan dengan: perencanaan mitigasi\n• [Pra Bencana] tanggul penahan: Struktur untuk mencegah tanah longsor.\n• [Pra Bencana] tanggul penahan berkaitan dengan: stabilitas lereng\n• [Pra Bencana] runtuhan batuan: Merujuk pada kejadian di mana batu atau material batuan runtuh secara tiba-tiba.\n• [Pra Bencana] pondasi tiang pancang: Struktur penopang bawah tanah yang disarankan untuk mencegah bahaya liquefaction.\n• [Pra Bencana] pondasi tiang pancang berkaitan dengan: liquefaction\n• [Pra Bencana] liquefaction: Infeksi cairan, kondisi tanah yang kehilangan kekuatan akibat gempa atau getaran.\n• [Pra Bencana] liquefaction terkait dengan: pondasi tiang pancang\n• [Pra Bencana] utilitas: Tindakan yang harus dilakukan oleh infrastruktur yang ada di dalam tanah.\n• [Pra Bencana] utilitas berkaitan dengan: fleksibel\n• [Pra Bencana] rekahan: Retakan atau celah di permukaan lereng.\n• [Pra Bencana] rekahan berkaitan dengan: air\n• [Pra Bencana] tanaman dengan akar kuat: Jenis tanaman yang memiliki akar kuat dan banyak seperti nangka, durian, pete, kaliandra dan sebagainya.\n• [Pra Bencana] tanaman dengan akar kuat berkaitan dengan: tanah\n• [Pra Bencana] bangunan permanen: Bangunan yang dirancang untuk bertahan lama dan dibangun dengan cara tradisional.\n• [Pra Bencana] bangunan permanen berkaitan dengan: tebing dan tanah tidak stabil\n• [Pra Bencana] tebing dan tanah tidak stabil: Area di mana tanah atau batuan tidak stabil dan rentan terhadap gerakan tanah.\n• [Pra Bencana] tebing dan tanah tidak stabil terkait dengan: bangunan permanen\n• [Pra Bencana] selokan: Saluran yang dirancang untuk mengalirkan air hujan.\n• [Saat Bencana] sistem peringatan dini longsor: Sistem yang digunakan untuk memberikan peringatan tentang potensi longsor.\n• [Saat Bencana] sistem peringatan dini longsor berkaitan dengan: perhatian']","Tanah longsor adalah pergerakan tanah yang terjadi secara tiba-tiba dan cepat ke bawah lereng. Hal ini disebabkan oleh berbagai faktor seperti curah hujan tinggi, lereng yang terlalu curam, atau tanah yang kurang padat. Tanah longsor bisa sangat berbahaya karena dapat merusak lingkungan dan menimbulkan korban jiwa. Perhatikan selalu area yang rawan tanah longsor, terutama saat hujan deras.
","Tanah longsor adalah bencana yang sering dipicu oleh kombinasi curah hujan tinggi, lereng terjal, tanah kurang padat dan tebal, pengikisan, berkurangnya tutupan vegetasi, dan getaran. Longsor biasanya terjadi sangat cepat sehingga waktu untuk evakuasi mandiri terbatas, dan material longsor akan menimbun apa saja yang berada di jalur longsoran.",1.0,,0.9999999999,0.7622529938361393
Mengapa Kabupaten Bogor sangat rawan longsor?,"['• [Pra Bencana] curah hujan: Hujan, terutama curah hujan ekstrem, yang dapat menyebabkan penumpukan air berlebihan.\n• [Pra Bencana] curah hujan berkaitan dengan: banjir, longsor, penumpukan air, kerusakan, tanah longsor\n• [Pra Bencana] drainase: Sistem drainase yang baik untuk mengurangi penumpukan air.\n• [Pra Bencana] drainase berkaitan dengan: kestabilan tanah, stabilitas lereng\n• [Pra Bencana] hutan: Hutan adalah area yang tertutup pepohonan.\n• [Pra Bencana] hutan terkait dengan: api, rambu\n• [Pra Bencana] tanah longsor: Pergerakan tiba-tiba dan cepat dari sejumlah besar tanah ke bawah lereng.\n• [Pra Bencana] tanah longsor berkaitan dengan: korban jiwa manusia, kerusakan lingkungan, kerugian harta benda, dampak psikologis, 5 bencana kabupaten bogor\n• [Pra Bencana] tanah longsor terkait dengan: curah hujan, lereng terjal, tanah yang kurang padat\n• [Pra Bencana] bangunan penahan: Struktur yang dirancang untuk menahan pergerakan tanah.\n• [Pra Bencana] bangunan penahan berkaitan dengan: stabilitas lereng\n• [Pra Bencana] jangkar (anchor): Sistem penahan yang menggunakan jangkar untuk menstabilkan lereng.\n• [Pra Bencana] jangkar (anchor) berkaitan dengan: stabilitas lereng\n• [Pra Bencana] pilling: Teknik konstruksi yang melibatkan penanaman tiang-tiang beton ke dalam tanah untuk menstabilkan tanah.\n• [Pra Bencana] pemukiman: Proses pembangunan perumahan dan fasilitas.\n• [Pra Bencana] pemukiman berkaitan dengan: hindaran daerah rawan longsor\n• [Pra Bencana] fasilitas utama: Bangunan atau area penting seperti sekolah, rumah sakit, atau kantor pemerintah.\n• [Pra Bencana] fasilitas utama berkaitan dengan: hindaran daerah rawan longsor\n• [Pra Bencana] terasering: Teknik pembuatan lahan dengan bentuk tertera untuk mengurangi kemiringan dan memungkinkan drainase.\n• [Pra Bencana] terasering berkaitan dengan: drainase yang optimal\n• [Pra Bencana] tanaman: Vegetasi yang digunakan untuk tujuan penghijauan dan stabilisasi lereng.\n• [Pra Bencana] tanaman berkaitan dengan: stabilitas lereng\n• [Pra Bencana] fondasi yang kuat: Dasar bangunan yang dirancang untuk menahan beban dan tekanan.\n• [Pra Bencana] fondasi yang kuat berkaitan dengan: stabilitas bangunan\n• [Pra Bencana] pemadatan tanah: Proses meningkatkan kepadatan tanah untuk meningkatkan stabilitasnya.\n• [Pra Bencana] pemadatan tanah berkaitan dengan: stabilitas tanah\n• [Pra Bencana] daerah rawan longsor: Area yang memiliki risiko tinggi terjadinya longsor.\n• [Pra Bencana] daerah rawan longsor berkaitan dengan: perencanaan mitigasi\n• [Pra Bencana] tanggul penahan: Struktur untuk mencegah tanah longsor.\n• [Pra Bencana] tanggul penahan berkaitan dengan: stabilitas lereng\n• [Pra Bencana] runtuhan batuan: Merujuk pada kejadian di mana batu atau material batuan runtuh secara tiba-tiba.\n• [Pra Bencana] pondasi tiang pancang: Struktur penopang bawah tanah yang disarankan untuk mencegah bahaya liquefaction.\n• [Pra Bencana] pondasi tiang pancang berkaitan dengan: liquefaction\n• [Pra Bencana] liquefaction: Infeksi cairan, kondisi tanah yang kehilangan kekuatan akibat gempa atau getaran.\n• [Pra Bencana] liquefaction terkait dengan: pondasi tiang pancang\n• [Pra Bencana] utilitas: Tindakan yang harus dilakukan oleh infrastruktur yang ada di dalam tanah.\n• [Pra Bencana] utilitas berkaitan dengan: fleksibel\n• [Pra Bencana] rekahan: Retakan atau celah di permukaan lereng.\n• [Pra Bencana] rekahan berkaitan dengan: air\n• [Pra Bencana] tanaman dengan akar kuat: Jenis tanaman yang memiliki akar kuat dan banyak seperti nangka, durian, pete, kaliandra dan sebagainya.\n• [Pra Bencana] tanaman dengan akar kuat berkaitan dengan: tanah\n• [Pra Bencana] bangunan permanen: Bangunan yang dirancang untuk bertahan lama dan dibangun dengan cara tradisional.\n• [Pra Bencana] bangunan permanen berkaitan dengan: tebing dan tanah tidak stabil\n• [Pra Bencana] tebing dan tanah tidak stabil: Area di mana tanah atau batuan tidak stabil dan rentan terhadap gerakan tanah.\n• [Pra Bencana] tebing dan tanah tidak stabil terkait dengan: bangunan permanen\n• [Pra Bencana] selokan: Saluran yang dirancang untuk mengalirkan air hujan.\n• [Saat Bencana] sistem peringatan dini longsor: Sistem yang digunakan untuk memberikan peringatan tentang potensi longsor.\n• [Saat Bencana] sistem peringatan dini longsor berkaitan dengan: perhatian']","**Pra Bencana:**
1.  Kabupaten Bogor rawan longsor karena curah hujan tinggi, terutama hujan ekstrem.
2.  Banyak area yang termasuk daerah rawan longsor, seperti lereng yang terjal atau tanah yang kurang padat.
3.  Kondisi tanah yang kurang padat dan curah hujan tinggi merupakan penyebab utama terjadinya tanah longsor.

**Saat Bencana:**
1.  Perhatikan sistem peringatan dini longsor untuk mendapatkan perhatian dini tentang potensi bahaya.
2.  Waspadai rekahan pada lereng, karena rekahan bisa menjadi indikasi awal terjadinya longsor.

**Pasca Bencana:**
1.  Lakukan peninjauan kembali terhadap bangunan permanen dan fasilitas utama yang berada di daerah rawan longsor.
2.  Pastikan infrastruktur seperti selokan berfungsi dengan baik untuk mencegah genangan air yang dapat memperparah kondisi tanah.
","Dokumen tidak menyebutkan alasan spesifik untuk Kabupaten Bogor, namun secara umum longsor dipicu kombinasi curah hujan tinggi, lereng terjal, tanah kurang padat, pengikisan, berkurangnya tutupan vegetasi, dan getaran.",1.0,,0.9999999999,0.5293369695348872
Apa tanda-tanda akan terjadi tanah longsor?,['• [Saat Bencana] sistem peringatan dini longsor: Sistem yang digunakan untuk memberikan peringatan tentang potensi longsor.\n• [Saat Bencana] sistem peringatan dini longsor berkaitan dengan: perhatian\n• [Saat Bencana] zona evakuasi: Area yang telah ditentukan untuk digunakan sebagai tempat aman selama evakuasi.\n• [Saat Bencana] tanah labil: Tanah yang tidak stabil dan mudah mengalami pergeseran atau gerakan.\n• [Saat Bencana] longsor susulan: Pergerakan tanah atau batuan yang terjadi setelah terjadi longsor awal.\n• [Saat Bencana] longsor susulan terkait dengan: longsor'],"Tentu, saya akan bantu menjelaskannya. Berikut adalah tanda-tanda akan terjadi tanah longsor berdasarkan informasi yang ada:

1.  Perhatikan sistem peringatan dini longsor, karena sistem ini memberikan peringatan tentang potensi longsor.
2.  Berhati-hatilah jika ada tanda-tanda perhatian, ini mengindikasikan bahwa ada potensi longsor yang harus diwaspadai.
3.  Hindari berada di area yang dianggap tanah labil, karena tanah tersebut tidak stabil dan berpotensi bergerak.
4.  Waspadalah terhadap kemungkinan terjadinya longsor susulan, terutama setelah terjadi longsor awal.
5.  Selalu gunakan zona evakuasi sebagai tempat aman jika terjadi peringatan longsor.","Dokumen tidak menyebutkan tanda-tanda spesifik secara eksplisit, namun menyebutkan suara gemuruh sebagai indikasi yang harus direspons dengan segera evakuasi menjauhi arah datangnya longsoran.",1.0,,0.0,0.7840963762863504
Apa upaya pencegahan longsor yang bisa dilakukan masyarakat?,"['• [Pra Bencana] curah hujan: Hujan, terutama curah hujan ekstrem, yang dapat menyebabkan penumpukan air berlebihan.\n• [Pra Bencana] curah hujan berkaitan dengan: banjir, longsor, penumpukan air, kerusakan, tanah longsor\n• [Pra Bencana] drainase: Sistem drainase yang baik untuk mengurangi penumpukan air.\n• [Pra Bencana] drainase berkaitan dengan: kestabilan tanah, stabilitas lereng\n• [Pra Bencana] hutan: Hutan adalah area yang tertutup pepohonan.\n• [Pra Bencana] hutan terkait dengan: api, rambu\n• [Pra Bencana] tanah longsor: Pergerakan tiba-tiba dan cepat dari sejumlah besar tanah ke bawah lereng.\n• [Pra Bencana] tanah longsor berkaitan dengan: korban jiwa manusia, kerusakan lingkungan, kerugian harta benda, dampak psikologis, 5 bencana kabupaten bogor\n• [Pra Bencana] tanah longsor terkait dengan: curah hujan, lereng terjal, tanah yang kurang padat\n• [Pra Bencana] bangunan penahan: Struktur yang dirancang untuk menahan pergerakan tanah.\n• [Pra Bencana] bangunan penahan berkaitan dengan: stabilitas lereng\n• [Pra Bencana] jangkar (anchor): Sistem penahan yang menggunakan jangkar untuk menstabilkan lereng.\n• [Pra Bencana] jangkar (anchor) berkaitan dengan: stabilitas lereng\n• [Pra Bencana] pilling: Teknik konstruksi yang melibatkan penanaman tiang-tiang beton ke dalam tanah untuk menstabilkan tanah.\n• [Pra Bencana] pemukiman: Proses pembangunan perumahan dan fasilitas.\n• [Pra Bencana] pemukiman berkaitan dengan: hindaran daerah rawan longsor\n• [Pra Bencana] fasilitas utama: Bangunan atau area penting seperti sekolah, rumah sakit, atau kantor pemerintah.\n• [Pra Bencana] fasilitas utama berkaitan dengan: hindaran daerah rawan longsor\n• [Pra Bencana] terasering: Teknik pembuatan lahan dengan bentuk tertera untuk mengurangi kemiringan dan memungkinkan drainase.\n• [Pra Bencana] terasering berkaitan dengan: drainase yang optimal\n• [Pra Bencana] tanaman: Vegetasi yang digunakan untuk tujuan penghijauan dan stabilisasi lereng.\n• [Pra Bencana] tanaman berkaitan dengan: stabilitas lereng\n• [Pra Bencana] fondasi yang kuat: Dasar bangunan yang dirancang untuk menahan beban dan tekanan.\n• [Pra Bencana] fondasi yang kuat berkaitan dengan: stabilitas bangunan\n• [Pra Bencana] pemadatan tanah: Proses meningkatkan kepadatan tanah untuk meningkatkan stabilitasnya.\n• [Pra Bencana] pemadatan tanah berkaitan dengan: stabilitas tanah\n• [Pra Bencana] daerah rawan longsor: Area yang memiliki risiko tinggi terjadinya longsor.\n• [Pra Bencana] daerah rawan longsor berkaitan dengan: perencanaan mitigasi\n• [Pra Bencana] tanggul penahan: Struktur untuk mencegah tanah longsor.\n• [Pra Bencana] tanggul penahan berkaitan dengan: stabilitas lereng\n• [Pra Bencana] runtuhan batuan: Merujuk pada kejadian di mana batu atau material batuan runtuh secara tiba-tiba.\n• [Pra Bencana] pondasi tiang pancang: Struktur penopang bawah tanah yang disarankan untuk mencegah bahaya liquefaction.\n• [Pra Bencana] pondasi tiang pancang berkaitan dengan: liquefaction\n• [Pra Bencana] liquefaction: Infeksi cairan, kondisi tanah yang kehilangan kekuatan akibat gempa atau getaran.\n• [Pra Bencana] liquefaction terkait dengan: pondasi tiang pancang\n• [Pra Bencana] utilitas: Tindakan yang harus dilakukan oleh infrastruktur yang ada di dalam tanah.\n• [Pra Bencana] utilitas berkaitan dengan: fleksibel\n• [Pra Bencana] rekahan: Retakan atau celah di permukaan lereng.\n• [Pra Bencana] rekahan berkaitan dengan: air\n• [Pra Bencana] tanaman dengan akar kuat: Jenis tanaman yang memiliki akar kuat dan banyak seperti nangka, durian, pete, kaliandra dan sebagainya.\n• [Pra Bencana] tanaman dengan akar kuat berkaitan dengan: tanah\n• [Pra Bencana] bangunan permanen: Bangunan yang dirancang untuk bertahan lama dan dibangun dengan cara tradisional.\n• [Pra Bencana] bangunan permanen berkaitan dengan: tebing dan tanah tidak stabil\n• [Pra Bencana] tebing dan tanah tidak stabil: Area di mana tanah atau batuan tidak stabil dan rentan terhadap gerakan tanah.\n• [Pra Bencana] tebing dan tanah tidak stabil terkait dengan: bangunan permanen\n• [Pra Bencana] selokan: Saluran yang dirancang untuk mengalirkan air hujan.\n• [Saat Bencana] sistem peringatan dini longsor: Sistem yang digunakan untuk memberikan peringatan tentang potensi longsor.\n• [Saat Bencana] sistem peringatan dini longsor berkaitan dengan: perhatian']","**Pra Bencana:**

1.  Pastikan sistem drainase berfungsi dengan baik.
2.  Hindari membangun di daerah rawan longsor.
3.  Gunakan tanaman dengan akar kuat untuk menstabilkan lereng.

**Saat Bencana:**

1.  Perhatikan peringatan dini longsor.
2.  Berikan perhatian jika melihat rekahan pada lereng.

**Pasca Bencana:**

1.  Lapor kepada petugas jika ada kerusakan akibat longsor.
2.  Jaga kebersihan area bekas longsor.","Upaya pencegahan meliputi menjaga sistem drainase, membuat bangunan penahan dan jangkar, terasering, penghijauan dengan tanaman berakar dalam dan jarak tanam tepat, mendirikan bangunan dengan fondasi kuat, pemadatan tanah sekitar perumahan, membuat selokan kuat, waspada saat curah hujan tinggi, dan tidak menggunduli hutan/menebang pohon sembarangan.",1.0,,0.9999999999,0.6438220227240339
Kapan waktu paling rawan terjadinya longsor di Bogor?,"['• [Pra Bencana] curah hujan: Hujan, terutama curah hujan ekstrem, yang dapat menyebabkan penumpukan air berlebihan.\n• [Pra Bencana] curah hujan berkaitan dengan: banjir, longsor, penumpukan air, kerusakan, tanah longsor\n• [Pra Bencana] drainase: Sistem drainase yang baik untuk mengurangi penumpukan air.\n• [Pra Bencana] drainase berkaitan dengan: kestabilan tanah, stabilitas lereng\n• [Pra Bencana] hutan: Hutan adalah area yang tertutup pepohonan.\n• [Pra Bencana] hutan terkait dengan: api, rambu\n• [Pra Bencana] tanah longsor: Pergerakan tiba-tiba dan cepat dari sejumlah besar tanah ke bawah lereng.\n• [Pra Bencana] tanah longsor berkaitan dengan: korban jiwa manusia, kerusakan lingkungan, kerugian harta benda, dampak psikologis, 5 bencana kabupaten bogor\n• [Pra Bencana] tanah longsor terkait dengan: curah hujan, lereng terjal, tanah yang kurang padat\n• [Pra Bencana] bangunan penahan: Struktur yang dirancang untuk menahan pergerakan tanah.\n• [Pra Bencana] bangunan penahan berkaitan dengan: stabilitas lereng\n• [Pra Bencana] jangkar (anchor): Sistem penahan yang menggunakan jangkar untuk menstabilkan lereng.\n• [Pra Bencana] jangkar (anchor) berkaitan dengan: stabilitas lereng\n• [Pra Bencana] pilling: Teknik konstruksi yang melibatkan penanaman tiang-tiang beton ke dalam tanah untuk menstabilkan tanah.\n• [Pra Bencana] pemukiman: Proses pembangunan perumahan dan fasilitas.\n• [Pra Bencana] pemukiman berkaitan dengan: hindaran daerah rawan longsor\n• [Pra Bencana] fasilitas utama: Bangunan atau area penting seperti sekolah, rumah sakit, atau kantor pemerintah.\n• [Pra Bencana] fasilitas utama berkaitan dengan: hindaran daerah rawan longsor\n• [Pra Bencana] terasering: Teknik pembuatan lahan dengan bentuk tertera untuk mengurangi kemiringan dan memungkinkan drainase.\n• [Pra Bencana] terasering berkaitan dengan: drainase yang optimal\n• [Pra Bencana] tanaman: Vegetasi yang digunakan untuk tujuan penghijauan dan stabilisasi lereng.\n• [Pra Bencana] tanaman berkaitan dengan: stabilitas lereng\n• [Pra Bencana] fondasi yang kuat: Dasar bangunan yang dirancang untuk menahan beban dan tekanan.\n• [Pra Bencana] fondasi yang kuat berkaitan dengan: stabilitas bangunan\n• [Pra Bencana] pemadatan tanah: Proses meningkatkan kepadatan tanah untuk meningkatkan stabilitasnya.\n• [Pra Bencana] pemadatan tanah berkaitan dengan: stabilitas tanah\n• [Pra Bencana] daerah rawan longsor: Area yang memiliki risiko tinggi terjadinya longsor.\n• [Pra Bencana] daerah rawan longsor berkaitan dengan: perencanaan mitigasi\n• [Pra Bencana] tanggul penahan: Struktur untuk mencegah tanah longsor.\n• [Pra Bencana] tanggul penahan berkaitan dengan: stabilitas lereng\n• [Pra Bencana] runtuhan batuan: Merujuk pada kejadian di mana batu atau material batuan runtuh secara tiba-tiba.\n• [Pra Bencana] pondasi tiang pancang: Struktur penopang bawah tanah yang disarankan untuk mencegah bahaya liquefaction.\n• [Pra Bencana] pondasi tiang pancang berkaitan dengan: liquefaction\n• [Pra Bencana] liquefaction: Infeksi cairan, kondisi tanah yang kehilangan kekuatan akibat gempa atau getaran.\n• [Pra Bencana] liquefaction terkait dengan: pondasi tiang pancang\n• [Pra Bencana] utilitas: Tindakan yang harus dilakukan oleh infrastruktur yang ada di dalam tanah.\n• [Pra Bencana] utilitas berkaitan dengan: fleksibel\n• [Pra Bencana] rekahan: Retakan atau celah di permukaan lereng.\n• [Pra Bencana] rekahan berkaitan dengan: air\n• [Pra Bencana] tanaman dengan akar kuat: Jenis tanaman yang memiliki akar kuat dan banyak seperti nangka, durian, pete, kaliandra dan sebagainya.\n• [Pra Bencana] tanaman dengan akar kuat berkaitan dengan: tanah\n• [Pra Bencana] bangunan permanen: Bangunan yang dirancang untuk bertahan lama dan dibangun dengan cara tradisional.\n• [Pra Bencana] bangunan permanen berkaitan dengan: tebing dan tanah tidak stabil\n• [Pra Bencana] tebing dan tanah tidak stabil: Area di mana tanah atau batuan tidak stabil dan rentan terhadap gerakan tanah.\n• [Pra Bencana] tebing dan tanah tidak stabil terkait dengan: bangunan permanen\n• [Pra Bencana] selokan: Saluran yang dirancang untuk mengalirkan air hujan.\n• [Saat Bencana] sistem peringatan dini longsor: Sistem yang digunakan untuk memberikan peringatan tentang potensi longsor.\n• [Saat Bencana] sistem peringatan dini longsor berkaitan dengan: perhatian']","**Pra Bencana:**
1. Hujan, terutama curah hujan ekstrem, dapat menyebabkan penumpukan air berlebihan dan meningkatkan risiko longsor.
2. Tanah longsor terjadi akibat curah hujan tinggi, lereng yang terjal, dan tanah yang kurang padat.
3. Daerah rawan longsor adalah area yang memiliki risiko tinggi terjadinya longsor, sehingga memerlukan perencanaan mitigasi yang matang.

**Saat Bencana:**
1. Sistem peringatan dini longsor digunakan untuk memberikan peringatan tentang potensi longsor.
2. Perhatikan peringatan yang diberikan oleh sistem peringatan dini longsor.
3.  Jika terjadi longsor, segera cari tempat yang aman dan jauh dari potensi bahaya.

**Pasca Bencana:**
Informasi tidak tersedia
","Dokumen tidak menyebutkan waktu spesifik, namun mengaitkan risiko longsor dengan curah hujan tinggi, sehingga kewaspadaan perlu ditingkatkan saat curah hujan tinggi.",0.8571428571428571,,0.9999999999,0.4986546397854739
Ke arah mana harus berlari saat ada longsor?,['• [Saat Bencana] sistem peringatan dini longsor: Sistem yang digunakan untuk memberikan peringatan tentang potensi longsor.\n• [Saat Bencana] sistem peringatan dini longsor berkaitan dengan: perhatian\n• [Saat Bencana] zona evakuasi: Area yang telah ditentukan untuk digunakan sebagai tempat aman selama evakuasi.\n• [Saat Bencana] tanah labil: Tanah yang tidak stabil dan mudah mengalami pergeseran atau gerakan.\n• [Saat Bencana] longsor susulan: Pergerakan tanah atau batuan yang terjadi setelah terjadi longsor awal.\n• [Saat Bencana] longsor susulan terkait dengan: longsor'],"1.  Saat terjadi peringatan longsor, perhatikan informasi yang disampaikan oleh sistem peringatan dini longsor.
2.  Cari tahu area yang telah ditunjuk sebagai zona evakuasi terdekat.
3.  Perhatikan area yang tanahnya tidak stabil, karena kemungkinan besar bisa longsor.
4.  Jika ada longsor awal, waspadalah terhadap kemungkinan terjadinya longsor susulan.
5.  Prioritaskan keselamatan diri dengan segera menuju zona evakuasi.","Segera evakuasi menjauhi suara gemuruh atau arah datangnya longsoran, menuju zona evakuasi yang telah ditentukan (mengikuti Sistem Peringatan Dini Longsor jika tersedia).",1.0,,0.9999999999,0.4764533217194653
Apa yang harus dilakukan jika tertimbun longsor?,"['• [Pra Bencana] curah hujan: Hujan, terutama curah hujan ekstrem, yang dapat menyebabkan penumpukan air berlebihan.\n• [Pra Bencana] curah hujan berkaitan dengan: banjir, longsor, penumpukan air, kerusakan, tanah longsor\n• [Pra Bencana] drainase: Sistem drainase yang baik untuk mengurangi penumpukan air.\n• [Pra Bencana] drainase berkaitan dengan: kestabilan tanah, stabilitas lereng\n• [Pra Bencana] hutan: Hutan adalah area yang tertutup pepohonan.\n• [Pra Bencana] hutan terkait dengan: api, rambu\n• [Pra Bencana] tanah longsor: Pergerakan tiba-tiba dan cepat dari sejumlah besar tanah ke bawah lereng.\n• [Pra Bencana] tanah longsor berkaitan dengan: korban jiwa manusia, kerusakan lingkungan, kerugian harta benda, dampak psikologis, 5 bencana kabupaten bogor\n• [Pra Bencana] tanah longsor terkait dengan: curah hujan, lereng terjal, tanah yang kurang padat\n• [Pra Bencana] bangunan penahan: Struktur yang dirancang untuk menahan pergerakan tanah.\n• [Pra Bencana] bangunan penahan berkaitan dengan: stabilitas lereng\n• [Pra Bencana] jangkar (anchor): Sistem penahan yang menggunakan jangkar untuk menstabilkan lereng.\n• [Pra Bencana] jangkar (anchor) berkaitan dengan: stabilitas lereng\n• [Pra Bencana] pilling: Teknik konstruksi yang melibatkan penanaman tiang-tiang beton ke dalam tanah untuk menstabilkan tanah.\n• [Pra Bencana] pemukiman: Proses pembangunan perumahan dan fasilitas.\n• [Pra Bencana] pemukiman berkaitan dengan: hindaran daerah rawan longsor\n• [Pra Bencana] fasilitas utama: Bangunan atau area penting seperti sekolah, rumah sakit, atau kantor pemerintah.\n• [Pra Bencana] fasilitas utama berkaitan dengan: hindaran daerah rawan longsor\n• [Pra Bencana] terasering: Teknik pembuatan lahan dengan bentuk tertera untuk mengurangi kemiringan dan memungkinkan drainase.\n• [Pra Bencana] terasering berkaitan dengan: drainase yang optimal\n• [Pra Bencana] tanaman: Vegetasi yang digunakan untuk tujuan penghijauan dan stabilisasi lereng.\n• [Pra Bencana] tanaman berkaitan dengan: stabilitas lereng\n• [Pra Bencana] fondasi yang kuat: Dasar bangunan yang dirancang untuk menahan beban dan tekanan.\n• [Pra Bencana] fondasi yang kuat berkaitan dengan: stabilitas bangunan\n• [Pra Bencana] pemadatan tanah: Proses meningkatkan kepadatan tanah untuk meningkatkan stabilitasnya.\n• [Pra Bencana] pemadatan tanah berkaitan dengan: stabilitas tanah\n• [Pra Bencana] daerah rawan longsor: Area yang memiliki risiko tinggi terjadinya longsor.\n• [Pra Bencana] daerah rawan longsor berkaitan dengan: perencanaan mitigasi\n• [Pra Bencana] tanggul penahan: Struktur untuk mencegah tanah longsor.\n• [Pra Bencana] tanggul penahan berkaitan dengan: stabilitas lereng\n• [Pra Bencana] runtuhan batuan: Merujuk pada kejadian di mana batu atau material batuan runtuh secara tiba-tiba.\n• [Pra Bencana] pondasi tiang pancang: Struktur penopang bawah tanah yang disarankan untuk mencegah bahaya liquefaction.\n• [Pra Bencana] pondasi tiang pancang berkaitan dengan: liquefaction\n• [Pra Bencana] liquefaction: Infeksi cairan, kondisi tanah yang kehilangan kekuatan akibat gempa atau getaran.\n• [Pra Bencana] liquefaction terkait dengan: pondasi tiang pancang\n• [Pra Bencana] utilitas: Tindakan yang harus dilakukan oleh infrastruktur yang ada di dalam tanah.\n• [Pra Bencana] utilitas berkaitan dengan: fleksibel\n• [Pra Bencana] rekahan: Retakan atau celah di permukaan lereng.\n• [Pra Bencana] rekahan berkaitan dengan: air\n• [Pra Bencana] tanaman dengan akar kuat: Jenis tanaman yang memiliki akar kuat dan banyak seperti nangka, durian, pete, kaliandra dan sebagainya.\n• [Pra Bencana] tanaman dengan akar kuat berkaitan dengan: tanah\n• [Pra Bencana] bangunan permanen: Bangunan yang dirancang untuk bertahan lama dan dibangun dengan cara tradisional.\n• [Pra Bencana] bangunan permanen berkaitan dengan: tebing dan tanah tidak stabil\n• [Pra Bencana] tebing dan tanah tidak stabil: Area di mana tanah atau batuan tidak stabil dan rentan terhadap gerakan tanah.\n• [Pra Bencana] tebing dan tanah tidak stabil terkait dengan: bangunan permanen\n• [Pra Bencana] selokan: Saluran yang dirancang untuk mengalirkan air hujan.\n• [Saat Bencana] sistem peringatan dini longsor: Sistem yang digunakan untuk memberikan peringatan tentang potensi longsor.\n• [Saat Bencana] sistem peringatan dini longsor berkaitan dengan: perhatian']","**Pra Bencana:**
1. Hindari membangun di daerah rawan longsor.
2. Pastikan bangunan memiliki fondasi yang kuat dan terpasang dengan benar.
3. Perhatikan kondisi lereng, terutama di area yang curam atau berbatu.

**Saat Bencana:**
1. Tetap tenang dan cari tempat yang aman, jauh dari bangunan dan pohon.
2. Ikuti instruksi dari petugas atau sistem peringatan dini longsor.
3. Berikan perhatian terhadap tanda-tanda awal longsor seperti rekahan di lereng.

**Pasca Bencana:**
1. Segera laporkan kejadian longsor kepada pihak berwajib dan BPBD.
2. Jaga jarak aman dari area yang longsor untuk menghindari korban jiwa atau luka.
3. Lakukan peninjauan terhadap kondisi bangunan dan infrastruktur untuk memastikan keamanannya.",Dokumen Tanah Longsor tidak merinci prosedur khusus jika tertimbun longsor.,0.7272727272727273,,0.0,0.7078243232351308
Bagaimana cara menolong korban longsor?,"['• [Pra Bencana] curah hujan: Hujan, terutama curah hujan ekstrem, yang dapat menyebabkan penumpukan air berlebihan.\n• [Pra Bencana] curah hujan berkaitan dengan: banjir, longsor, penumpukan air, kerusakan, tanah longsor\n• [Pra Bencana] drainase: Sistem drainase yang baik untuk mengurangi penumpukan air.\n• [Pra Bencana] drainase berkaitan dengan: kestabilan tanah, stabilitas lereng\n• [Pra Bencana] hutan: Hutan adalah area yang tertutup pepohonan.\n• [Pra Bencana] hutan terkait dengan: api, rambu\n• [Pra Bencana] tanah longsor: Pergerakan tiba-tiba dan cepat dari sejumlah besar tanah ke bawah lereng.\n• [Pra Bencana] tanah longsor berkaitan dengan: korban jiwa manusia, kerusakan lingkungan, kerugian harta benda, dampak psikologis, 5 bencana kabupaten bogor\n• [Pra Bencana] tanah longsor terkait dengan: curah hujan, lereng terjal, tanah yang kurang padat\n• [Pra Bencana] bangunan penahan: Struktur yang dirancang untuk menahan pergerakan tanah.\n• [Pra Bencana] bangunan penahan berkaitan dengan: stabilitas lereng\n• [Pra Bencana] jangkar (anchor): Sistem penahan yang menggunakan jangkar untuk menstabilkan lereng.\n• [Pra Bencana] jangkar (anchor) berkaitan dengan: stabilitas lereng\n• [Pra Bencana] pilling: Teknik konstruksi yang melibatkan penanaman tiang-tiang beton ke dalam tanah untuk menstabilkan tanah.\n• [Pra Bencana] pemukiman: Proses pembangunan perumahan dan fasilitas.\n• [Pra Bencana] pemukiman berkaitan dengan: hindaran daerah rawan longsor\n• [Pra Bencana] fasilitas utama: Bangunan atau area penting seperti sekolah, rumah sakit, atau kantor pemerintah.\n• [Pra Bencana] fasilitas utama berkaitan dengan: hindaran daerah rawan longsor\n• [Pra Bencana] terasering: Teknik pembuatan lahan dengan bentuk tertera untuk mengurangi kemiringan dan memungkinkan drainase.\n• [Pra Bencana] terasering berkaitan dengan: drainase yang optimal\n• [Pra Bencana] tanaman: Vegetasi yang digunakan untuk tujuan penghijauan dan stabilisasi lereng.\n• [Pra Bencana] tanaman berkaitan dengan: stabilitas lereng\n• [Pra Bencana] fondasi yang kuat: Dasar bangunan yang dirancang untuk menahan beban dan tekanan.\n• [Pra Bencana] fondasi yang kuat berkaitan dengan: stabilitas bangunan\n• [Pra Bencana] pemadatan tanah: Proses meningkatkan kepadatan tanah untuk meningkatkan stabilitasnya.\n• [Pra Bencana] pemadatan tanah berkaitan dengan: stabilitas tanah\n• [Pra Bencana] daerah rawan longsor: Area yang memiliki risiko tinggi terjadinya longsor.\n• [Pra Bencana] daerah rawan longsor berkaitan dengan: perencanaan mitigasi\n• [Pra Bencana] tanggul penahan: Struktur untuk mencegah tanah longsor.\n• [Pra Bencana] tanggul penahan berkaitan dengan: stabilitas lereng\n• [Pra Bencana] runtuhan batuan: Merujuk pada kejadian di mana batu atau material batuan runtuh secara tiba-tiba.\n• [Pra Bencana] pondasi tiang pancang: Struktur penopang bawah tanah yang disarankan untuk mencegah bahaya liquefaction.\n• [Pra Bencana] pondasi tiang pancang berkaitan dengan: liquefaction\n• [Pra Bencana] liquefaction: Infeksi cairan, kondisi tanah yang kehilangan kekuatan akibat gempa atau getaran.\n• [Pra Bencana] liquefaction terkait dengan: pondasi tiang pancang\n• [Pra Bencana] utilitas: Tindakan yang harus dilakukan oleh infrastruktur yang ada di dalam tanah.\n• [Pra Bencana] utilitas berkaitan dengan: fleksibel\n• [Pra Bencana] rekahan: Retakan atau celah di permukaan lereng.\n• [Pra Bencana] rekahan berkaitan dengan: air\n• [Pra Bencana] tanaman dengan akar kuat: Jenis tanaman yang memiliki akar kuat dan banyak seperti nangka, durian, pete, kaliandra dan sebagainya.\n• [Pra Bencana] tanaman dengan akar kuat berkaitan dengan: tanah\n• [Pra Bencana] bangunan permanen: Bangunan yang dirancang untuk bertahan lama dan dibangun dengan cara tradisional.\n• [Pra Bencana] bangunan permanen berkaitan dengan: tebing dan tanah tidak stabil\n• [Pra Bencana] tebing dan tanah tidak stabil: Area di mana tanah atau batuan tidak stabil dan rentan terhadap gerakan tanah.\n• [Pra Bencana] tebing dan tanah tidak stabil terkait dengan: bangunan permanen\n• [Pra Bencana] selokan: Saluran yang dirancang untuk mengalirkan air hujan.\n• [Saat Bencana] sistem peringatan dini longsor: Sistem yang digunakan untuk memberikan peringatan tentang potensi longsor.\n• [Saat Bencana] sistem peringatan dini longsor berkaitan dengan: perhatian']","**Pra Bencana:**
1.  Hindari membangun di daerah rawan longsor.
2.  Pastikan bangunan memiliki fondasi yang kuat dan tahan terhadap tekanan tanah.
3.  Perhatikan kondisi lereng, terutama yang terjal dan tanah yang kurang padat.

**Saat Bencana:**
1.  Ikuti imbauan dan arahan dari petugas BPBD setempat.
2.  Cari tempat yang aman dan tinggi jika terjadi peringatan dini longsor.
3.  Berikan pertolongan pertama kepada korban luka.

**Pasca Bencana:**
1.  Prioritaskan penanganan korban luka dan evakuasi ke tempat yang aman.
2.  Lakukan pendataan kerusakan untuk membantu upaya perbaikan dan pemulihan.
3.  Bantu korban yang kehilangan tempat tinggal dan kebutuhan dasar lainnya.",Dokumen tidak merinci prosedur pertolongan korban longsor secara spesifik.,1.0,,0.0,0.7046818821721917
Apa yang harus diwaspadai setelah longsor?,['• [Pasca Bencana] pasca bencana: Tahap setelah bencana yang fokus pada pemulihan.'],"Tentu saja! Setelah terjadi longsor, ada beberapa hal penting yang perlu kita waspadai dan lakukan. Berikut ini beberapa hal yang perlu diperhatikan:

1.  Setelah longsor, kita memasuki fase pemulihan atau yang disebut “pasca bencana”.
2.  Fokus utama pada tahap ini adalah membantu masyarakat yang terdampak.
3.  Perlu dilakukan penataan kembali area yang longsor.
4.  Pemerintah daerah akan berupaya untuk membantu proses pemulihan.
5.  Perhatikan informasi dan arahan dari petugas yang bertugas di lapangan.","Hindari wilayah longsor karena kondisi tanah masih labil, dan waspadai potensi longsor susulan apabila hujan turun setelah longsor terjadi.",0.3333333333333333,,0.0,0.6861381976589076
Apakah warga boleh kembali ke rumah setelah longsor?,['• [Pasca Bencana] pasca bencana: Tahap setelah bencana yang fokus pada pemulihan.'],"Tentu saja, saya akan bantu! Berikut adalah jawaban untuk pertanyaan Anda, berdasarkan informasi yang tersedia:

1.  Setelah terjadi bencana, kita masuk ke tahap pasca bencana.
2.  Tahap pasca bencana berfokus pada proses pemulihan setelah kejadian.
3.  Pada tahap ini, langkah-langkah utama adalah membantu memulihkan kondisi.
4.  Pemulihan ini mencakup berbagai aspek, mulai dari perbaikan infrastruktur hingga dukungan bagi warga yang terdampak.
5.  Proses pemulihan ini akan membantu masyarakat kembali beraktivitas secara normal.",Dokumen tidak menyebutkan secara eksplisit soal kembali ke rumah; yang ditekankan adalah menghindari wilayah longsor karena tanah masih labil dan mewaspadai longsor susulan.,0.8,,0.9999999999,0.45809353712087003
Apa langkah evakuasi saat gempa bumi?,"['• [Saat Bencana] rumah: Bangunan tempat tinggal.\n• [Saat Bencana] rumah berkaitan dengan: evakuasi, konstruksi tahan gempa, tetap berada di bawah meja\n• [Saat Bencana] rumah terkait dengan: anda\n• [Saat Bencana] mobil: Sebuah kendaraan bermotor yang digunakan untuk transportasi.\n• [Saat Bencana] mobil berkaitan dengan: wilayah banjir, pinggir jalan\n• [Saat Bencana] gempa bumi: Peristiwa berguncangnya bumi yang disebabkan oleh tumbukan antar lempeng bumi, aktivitas sesar, aktivitas gunungapi, atau runtuhan batuan.\n• [Saat Bencana] gempa bumi berkaitan dengan: korban jiwa manusia, kerusakan lingkungan, kerugian harta benda, dampak psikologis, 5 bencana kabupaten bogor\n• [Saat Bencana] bmkg: Badan Meteorologi, Klimatologi, dan Geofisika, lembaga pemerintah yang memantau cuaca dan gempa bumi\n• [Saat Bencana] bmkg berkaitan dengan: informasi, laman, pvmbg\n• [Saat Bencana] bmkg terkait dengan: bpbd\n• [Saat Bencana] gedung: Bangunan yang dibangun untuk berbagai keperluan.\n• [Saat Bencana] gedung berkaitan dengan: evakuasi\n• [Saat Bencana] tsunami: Sebuah bencana alam berupa gelombang laut besar yang merusak.\n• [Saat Bencana] tsunami berkaitan dengan: korban jiwa manusia, kerusakan lingkungan, kerugian harta benda, dampak psikologis, evakuasi ke tempat tinggi\n• [Saat Bencana] gempa bumi susulan: Gempa bumi yang terjadi setelah gempa bumi utama.\n• [Saat Bencana] gempa bumi susulan berkaitan dengan: area\n• [Saat Bencana] meja yang kuat: Meja yang kokoh dan mampu menahan beban berat.\n• [Saat Bencana] instalasi listrik dan air: Sistem dan peralatan yang menyediakan listrik dan air.\n• [Saat Bencana] tebing: Formasi batuan yang curam dan miring.\n• [Saat Bencana] tebing berkaitan dengan: longsor\n• [Saat Bencana] fondasi terkait dengan: konstruksi tahan gempa\n• [Saat Bencana] meja terkait dengan: anda\n• [Saat Bencana] kompor berkaitan dengan: kebakaran\n• [Saat Bencana] peralatan listrik berkaitan dengan: kebakaran\n• [Saat Bencana] pecahan kaca terkait dengan: anda\n• [Saat Bencana] lapangan terbuka terkait dengan: anda']","Tentu, ini langkah-langkah evakuasi saat gempa bumi:

1.  Saat di rumah, segera cari tempat berlindung yang aman, seperti di bawah meja yang kuat.
2.  Tetap berada di bawah meja sampai guncangan berhenti.
3.  Jika di gedung, segera evakuasi ke lapangan terbuka atau area yang jauh dari bangunan.
4.  Jika berada di dekat pantai, segera evakuasi ke tempat tinggi.
5.  Lindungi mata Anda dengan kacamata pelindung atau benda lain yang bisa melindungi mata.","Di dalam bangunan: berlindung di bawah meja yang kuat, lindungi kepala dengan bantal/helm atau berdiri di bawah pintu, dan segera lari keluar rumah setelah terasa aman menuju lapangan terbuka (jangan dekat tiang/pohon/sumber listrik/gedung yang bisa roboh). Jangan gunakan lift, gunakan tangga darurat. Di dalam kendaraan: pinggirkan mobil di bahu jalan, berhenti, dan ikuti instruksi petugas berwenang; jika ada peringatan tsunami, segera evakuasi ke tempat tinggi.",0.5,,0.9999999999,0.7602118488665393
Apa yang harus dilakukan setelah gempa bumi?,"['• [Pasca Bencana] harta dan kepemilikan: Aset atau barang berharga yang dimiliki seseorang.\n• [Pasca Bencana] harta dan kepemilikan berkaitan dengan: dokumentasi, catatan harta\n• [Pasca Bencana] harta dan kepemilikan terkait dengan: pergeseran tanah, foto']","Tentu, saya akan bantu. Setelah gempa bumi, berikut yang perlu Anda lakukan:

1.  Pastikan Anda dan keluarga selamat.
2.  Setelah itu, segera catat semua aset atau barang berharga yang hilang atau rusak.
3.  Buatlah daftar lengkap dengan mencantumkan foto dan dokumentasi lainnya sebagai bukti kepemilikan.
4.  Simpan semua catatan dan bukti ini dengan aman.
5.  Laporkan kehilangan atau kerusakan aset Anda kepada pihak berwenang untuk mendapatkan bantuan yang diperlukan.","Tetap waspada terhadap gempa susulan, periksa keberadaan api dan potensi kebakaran, berdiri di tempat terbuka jauh dari gedung dan instalasi listrik/air, jika di dalam mobil tetap di dalamnya dan hindari berhenti di bawah/atas jembatan, dan jika di dalam bangunan evakuasi diri sambil memperhatikan reruntuhan setelah gempa berhenti.",1.0,,0.0,0.7506526343016123
Bagaimana cara mempersiapkan diri sebelum gempa bumi?,"['• [Pra Bencana] foto: Representasi visual yang dibuat menggunakan kamera.\n• [Pra Bencana] foto berkaitan dengan: harta dan kepemilikan\n• [Pra Bencana] foto terkait dengan: harta\n• [Pra Bencana] dokumen: Catatan dan bukti yang relevan.\n• [Pra Bencana] dokumen terkait dengan: harta\n• [Pra Bencana] harta kita: Merujuk pada barang-barang pribadi yang perlu dilindungi.\n• [Pra Bencana] bangunan: Struktur yang harus dijauhkan dari api\n• [Pra Bencana] bangunan terkait dengan: api, anda\n• [Pra Bencana] pemerintah berkaitan dengan: aturan\n• [Pra Bencana] pemerintah terkait dengan: pvmbg']","Tentu, siap membantu! Berikut adalah beberapa hal yang bisa Anda lakukan untuk mempersiapkan diri sebelum gempa bumi:

1.  Pastikan Anda memiliki catatan penting seperti dokumen-dokumen pribadi dan foto yang disimpan di tempat yang aman dan mudah dijangkau.
2.  Perhatikan barang-barang berharga yang Anda miliki, termasuk harta dan kepemilikan Anda, dan pertimbangkan cara untuk melindunginya.
3.  Jaga agar bangunan tempat Anda tinggal tetap aman dari api.
4.  Penting untuk mengetahui peraturan yang ada terkait dengan persiapan menghadapi gempa bumi, terutama yang dikeluarkan oleh pemerintah.
5.  Selalu waspada dan ikuti informasi terbaru dari pihak berwenang mengenai potensi bahaya.","Siapkan rencana penyelamatan diri, latihan merunduk dan melindungi kepala (berlindung di bawah meja), siapkan alat pemadam kebakaran, alat keselamatan, dan persediaan obat-obatan, bangun konstruksi rumah tahan gempa dengan fondasi kuat, serta perhatikan daerah rawan gempa dan aturan penggunaan lahan dari pemerintah.",0.8571428571428571,,0.9999999999,0.755471168904352
Apa itu gempa bumi?,"['• [Pra Bencana] foto: Representasi visual yang dibuat menggunakan kamera.\n• [Pra Bencana] foto berkaitan dengan: harta dan kepemilikan\n• [Pra Bencana] foto terkait dengan: harta\n• [Pra Bencana] dokumen: Catatan dan bukti yang relevan.\n• [Pra Bencana] dokumen terkait dengan: harta\n• [Saat Bencana] rumah: Bangunan tempat tinggal.\n• [Saat Bencana] rumah berkaitan dengan: evakuasi, konstruksi tahan gempa, tetap berada di bawah meja\n• [Saat Bencana] rumah terkait dengan: anda\n• [Saat Bencana] mobil: Sebuah kendaraan bermotor yang digunakan untuk transportasi.\n• [Saat Bencana] mobil berkaitan dengan: wilayah banjir, pinggir jalan\n• [Saat Bencana] gempa bumi: Peristiwa berguncangnya bumi yang disebabkan oleh tumbukan antar lempeng bumi, aktivitas sesar, aktivitas gunungapi, atau runtuhan batuan.\n• [Saat Bencana] gempa bumi berkaitan dengan: korban jiwa manusia, kerusakan lingkungan, kerugian harta benda, dampak psikologis, 5 bencana kabupaten bogor\n• [Saat Bencana] bmkg: Badan Meteorologi, Klimatologi, dan Geofisika, lembaga pemerintah yang memantau cuaca dan gempa bumi\n• [Saat Bencana] bmkg berkaitan dengan: informasi, laman, pvmbg\n• [Saat Bencana] bmkg terkait dengan: bpbd\n• [Pra Bencana] harta kita: Merujuk pada barang-barang pribadi yang perlu dilindungi.\n• [Pra Bencana] bangunan: Struktur yang harus dijauhkan dari api\n• [Pra Bencana] bangunan terkait dengan: api, anda\n• [Saat Bencana] gedung: Bangunan yang dibangun untuk berbagai keperluan.\n• [Saat Bencana] gedung berkaitan dengan: evakuasi\n• [Saat Bencana] tsunami: Sebuah bencana alam berupa gelombang laut besar yang merusak.\n• [Saat Bencana] tsunami berkaitan dengan: korban jiwa manusia, kerusakan lingkungan, kerugian harta benda, dampak psikologis, evakuasi ke tempat tinggi\n• [Saat Bencana] gempa bumi susulan: Gempa bumi yang terjadi setelah gempa bumi utama.\n• [Saat Bencana] gempa bumi susulan berkaitan dengan: area\n• [Saat Bencana] meja yang kuat: Meja yang kokoh dan mampu menahan beban berat.\n• [Saat Bencana] instalasi listrik dan air: Sistem dan peralatan yang menyediakan listrik dan air.\n• [Saat Bencana] tebing: Formasi batuan yang curam dan miring.\n• [Saat Bencana] tebing berkaitan dengan: longsor\n• [Pasca Bencana] harta dan kepemilikan: Aset atau barang berharga yang dimiliki seseorang.\n• [Pasca Bencana] harta dan kepemilikan berkaitan dengan: dokumentasi, catatan harta\n• [Pasca Bencana] harta dan kepemilikan terkait dengan: pergeseran tanah, foto\n• [Saat Bencana] fondasi terkait dengan: konstruksi tahan gempa\n• [Pra Bencana] pemerintah berkaitan dengan: aturan\n• [Pra Bencana] pemerintah terkait dengan: pvmbg\n• [Saat Bencana] meja terkait dengan: anda\n• [Saat Bencana] kompor berkaitan dengan: kebakaran\n• [Saat Bencana] peralatan listrik berkaitan dengan: kebakaran\n• [Saat Bencana] pecahan kaca terkait dengan: anda\n• [Saat Bencana] lapangan terbuka terkait dengan: anda']","Gempa bumi adalah peristiwa alam yang menyebabkan bumi bergetar hebat. Getaran ini disebabkan oleh tumbukan antar lempeng bumi, aktivitas sesar, atau aktivitas gunungapi. Selain itu, gempa bumi juga bisa terjadi karena runtuhan batuan. Gempa bumi dapat menimbulkan dampak besar seperti korban jiwa, kerusakan lingkungan, dan kerugian harta benda.
","Gempa bumi adalah peristiwa berguncangnya bumi yang disebabkan oleh tumbukan antar lempeng bumi, aktivitas sesar (patahan), aktivitas gunungapi, atau runtuhan batuan. Bencana ini bersifat merusak, dapat terjadi setiap saat, berlangsung singkat, dan dapat menghancurkan bangunan, jalan, jembatan dalam sekejap.",1.0,,0.9999999999,0.835465429201796
Apa penyebab gempa bumi?,"['• [Pra Bencana] foto: Representasi visual yang dibuat menggunakan kamera.\n• [Pra Bencana] foto berkaitan dengan: harta dan kepemilikan\n• [Pra Bencana] foto terkait dengan: harta\n• [Pra Bencana] dokumen: Catatan dan bukti yang relevan.\n• [Pra Bencana] dokumen terkait dengan: harta\n• [Saat Bencana] rumah: Bangunan tempat tinggal.\n• [Saat Bencana] rumah berkaitan dengan: evakuasi, konstruksi tahan gempa, tetap berada di bawah meja\n• [Saat Bencana] rumah terkait dengan: anda\n• [Saat Bencana] mobil: Sebuah kendaraan bermotor yang digunakan untuk transportasi.\n• [Saat Bencana] mobil berkaitan dengan: wilayah banjir, pinggir jalan\n• [Saat Bencana] gempa bumi: Peristiwa berguncangnya bumi yang disebabkan oleh tumbukan antar lempeng bumi, aktivitas sesar, aktivitas gunungapi, atau runtuhan batuan.\n• [Saat Bencana] gempa bumi berkaitan dengan: korban jiwa manusia, kerusakan lingkungan, kerugian harta benda, dampak psikologis, 5 bencana kabupaten bogor\n• [Saat Bencana] bmkg: Badan Meteorologi, Klimatologi, dan Geofisika, lembaga pemerintah yang memantau cuaca dan gempa bumi\n• [Saat Bencana] bmkg berkaitan dengan: informasi, laman, pvmbg\n• [Saat Bencana] bmkg terkait dengan: bpbd\n• [Pra Bencana] harta kita: Merujuk pada barang-barang pribadi yang perlu dilindungi.\n• [Pra Bencana] bangunan: Struktur yang harus dijauhkan dari api\n• [Pra Bencana] bangunan terkait dengan: api, anda\n• [Saat Bencana] gedung: Bangunan yang dibangun untuk berbagai keperluan.\n• [Saat Bencana] gedung berkaitan dengan: evakuasi\n• [Saat Bencana] tsunami: Sebuah bencana alam berupa gelombang laut besar yang merusak.\n• [Saat Bencana] tsunami berkaitan dengan: korban jiwa manusia, kerusakan lingkungan, kerugian harta benda, dampak psikologis, evakuasi ke tempat tinggi\n• [Saat Bencana] gempa bumi susulan: Gempa bumi yang terjadi setelah gempa bumi utama.\n• [Saat Bencana] gempa bumi susulan berkaitan dengan: area\n• [Saat Bencana] meja yang kuat: Meja yang kokoh dan mampu menahan beban berat.\n• [Saat Bencana] instalasi listrik dan air: Sistem dan peralatan yang menyediakan listrik dan air.\n• [Saat Bencana] tebing: Formasi batuan yang curam dan miring.\n• [Saat Bencana] tebing berkaitan dengan: longsor\n• [Pasca Bencana] harta dan kepemilikan: Aset atau barang berharga yang dimiliki seseorang.\n• [Pasca Bencana] harta dan kepemilikan berkaitan dengan: dokumentasi, catatan harta\n• [Pasca Bencana] harta dan kepemilikan terkait dengan: pergeseran tanah, foto\n• [Saat Bencana] fondasi terkait dengan: konstruksi tahan gempa\n• [Pra Bencana] pemerintah berkaitan dengan: aturan\n• [Pra Bencana] pemerintah terkait dengan: pvmbg\n• [Saat Bencana] meja terkait dengan: anda\n• [Saat Bencana] kompor berkaitan dengan: kebakaran\n• [Saat Bencana] peralatan listrik berkaitan dengan: kebakaran\n• [Saat Bencana] pecahan kaca terkait dengan: anda\n• [Saat Bencana] lapangan terbuka terkait dengan: anda']","**Pra Bencana:**
1. Gempa bumi disebabkan oleh tumbukan antar lempeng bumi, aktivitas sesar, aktivitas gunungapi, atau runtuhan batuan.
2. Gempa bumi berkaitan dengan 5 bencana kabupaten bogor.
3. Pemerintah berkaitan dengan pvmbg.

**Saat Bencana:**
1. Gempa bumi dapat menyebabkan korban jiwa manusia, kerusakan lingkungan, kerugian harta benda, dampak psikologis.
2. Rumah berkaitan dengan evakuasi, konstruksi tahan gempa, tetap berada di bawah meja.
3. Meja yang kuat berkaitan dengan anda.

**Pasca Bencana:**
1. Harta dan kepemilikan berkaitan dengan dokumentasi, catatan harta.
2. Harta dan kepemilikan berkaitan dengan pergeseran tanah, foto.
","Gempa bumi disebabkan oleh tumbukan antar lempeng bumi, aktivitas sesar (patahan), aktivitas gunungapi, atau runtuhan batuan.",1.0,,0.9999999999,0.6519996865689747
Apa saja yang harus ada dalam tas darurat gempa?,"['• [Pra Bencana] foto: Representasi visual yang dibuat menggunakan kamera.\n• [Pra Bencana] foto berkaitan dengan: harta dan kepemilikan\n• [Pra Bencana] foto terkait dengan: harta\n• [Pra Bencana] dokumen: Catatan dan bukti yang relevan.\n• [Pra Bencana] dokumen terkait dengan: harta\n• [Saat Bencana] rumah: Bangunan tempat tinggal.\n• [Saat Bencana] rumah berkaitan dengan: evakuasi, konstruksi tahan gempa, tetap berada di bawah meja\n• [Saat Bencana] rumah terkait dengan: anda\n• [Saat Bencana] mobil: Sebuah kendaraan bermotor yang digunakan untuk transportasi.\n• [Saat Bencana] mobil berkaitan dengan: wilayah banjir, pinggir jalan\n• [Saat Bencana] gempa bumi: Peristiwa berguncangnya bumi yang disebabkan oleh tumbukan antar lempeng bumi, aktivitas sesar, aktivitas gunungapi, atau runtuhan batuan.\n• [Saat Bencana] gempa bumi berkaitan dengan: korban jiwa manusia, kerusakan lingkungan, kerugian harta benda, dampak psikologis, 5 bencana kabupaten bogor\n• [Saat Bencana] bmkg: Badan Meteorologi, Klimatologi, dan Geofisika, lembaga pemerintah yang memantau cuaca dan gempa bumi\n• [Saat Bencana] bmkg berkaitan dengan: informasi, laman, pvmbg\n• [Saat Bencana] bmkg terkait dengan: bpbd\n• [Pra Bencana] harta kita: Merujuk pada barang-barang pribadi yang perlu dilindungi.\n• [Pra Bencana] bangunan: Struktur yang harus dijauhkan dari api\n• [Pra Bencana] bangunan terkait dengan: api, anda\n• [Saat Bencana] gedung: Bangunan yang dibangun untuk berbagai keperluan.\n• [Saat Bencana] gedung berkaitan dengan: evakuasi\n• [Saat Bencana] tsunami: Sebuah bencana alam berupa gelombang laut besar yang merusak.\n• [Saat Bencana] tsunami berkaitan dengan: korban jiwa manusia, kerusakan lingkungan, kerugian harta benda, dampak psikologis, evakuasi ke tempat tinggi\n• [Saat Bencana] gempa bumi susulan: Gempa bumi yang terjadi setelah gempa bumi utama.\n• [Saat Bencana] gempa bumi susulan berkaitan dengan: area\n• [Saat Bencana] meja yang kuat: Meja yang kokoh dan mampu menahan beban berat.\n• [Saat Bencana] instalasi listrik dan air: Sistem dan peralatan yang menyediakan listrik dan air.\n• [Saat Bencana] tebing: Formasi batuan yang curam dan miring.\n• [Saat Bencana] tebing berkaitan dengan: longsor\n• [Pasca Bencana] harta dan kepemilikan: Aset atau barang berharga yang dimiliki seseorang.\n• [Pasca Bencana] harta dan kepemilikan berkaitan dengan: dokumentasi, catatan harta\n• [Pasca Bencana] harta dan kepemilikan terkait dengan: pergeseran tanah, foto\n• [Pra Bencana] pvmbg: Badan Vulkanologi dan Gemologi Indonesia, lembaga pemerintah yang bertanggung jawab atas penelitian dan pemantauan gunungapi.\n• [Pra Bencana] pvmbg berkaitan dengan: pemerintah, siapkan masker dan kacamata pelindung, brin, kementerian sosial\n• [Pra Bencana] pvmbg terkait dengan: bmkg\n• [Saat Bencana] no. kontak no. telepon / whatsapp: Nomor telepon atau Whatsapp yang digunakan untuk kontak darurat.\n• [Saat Bencana] no. kontak no. telepon / whatsapp berkaitan dengan: kontak darurat 92\n• [Saat Bencana] call center bpbd kab. bogor: Call center yang dioperasikan oleh Badan Penanggulangan Bencana Daerah Kabupaten Bogor.\n• [Saat Bencana] call center bpbd kab. bogor berkaitan dengan: 0812-1010-9002, 0851-7530-9567, 112, 021-8753547, 0812-1237575\n• [Saat Bencana] call center bpbd kab. bogor terkait dengan: kontak darurat 92\n• [Saat Bencana] siaga polisi: Status atau kondisi di mana polisi siap untuk merespon.\n• [Saat Bencana] siaga polisi terkait dengan: call center bpbd kab. bogor\n• [Saat Bencana] pusdalops bnpb: Pusat Data dan Logistik Operasi Penanggulangan Bencana yang dijalankan oleh Badan Nasional Penanggulangan Bencana.\n• [Saat Bencana] pusdalops bnpb terkait dengan: call center bpbd kab. bogor\n• [Saat Bencana] damkar kab. bogor: Pemadam Kebakaran yang beroperasi di Kabupaten Bogor.\n• [Saat Bencana] damkar kab. bogor terkait dengan: call center bpbd kab. bogor\n• [Saat Bencana] pusdatin bpbd kab. bogor: Pusat Data dan Informasi Penanggulangan Bencana yang dijalankan oleh BPBD Kabupaten Bogor.\n• [Saat Bencana] pusdatin bpbd kab. bogor terkait dengan: call center bpbd kab. bogor\n• [Saat Bencana] sar/basarnas: Satuan atau unit SAR/Basarnas yang terlibat dalam operasi pencarian dan penyelamatan.\n• [Saat Bencana] sar/basarnas terkait dengan: call center bpbd kab. bogor, ambulans 118 atau 119\n• [Pasca Bencana] palang merah indonesia: Organisasi kemanusiaan yang memberikan bantuan dan dukungan selama bencana.\n• [Pasca Bencana] palang merah indonesia terkait dengan: call center bpbd kab. bogor\n• [Saat Bencana] 0812-1010-9002: Nomor telepon.\n• [Saat Bencana] 0812-1010-9002 terkait dengan: call center bpbd kab. bogor']","**Pra Bencana:**
1.  Harta kita: Perlengkapan penting seperti obat-obatan pribadi, makanan ringan, dan air bersih.
2.  Foto: Representasi visual yang dibuat menggunakan kamera.
3.  Dokumen: Catatan dan bukti yang relevan.

**Saat Bencana:**
1.  Meja yang kuat: Meja yang kokoh dan mampu menahan beban berat.
2.  Rumah: Bangunan tempat tinggal. Tetap berada di bawah meja.
3.  Call center bpbd kab. bogor: 0812-1010-9002, 0851-7530-9567, 112, 021-8753547, 0812-1237575

**Pasca Bencana:**
1.  Harta dan kepemilikan: Aset atau barang berharga yang dimiliki seseorang.
2.  Dokumentasi, catatan harta: Catatan dan bukti untuk keperluan klaim atau perbaikan.
3.  Foto: Representasi visual yang dibuat menggunakan kamera.","Dokumen Gempa Bumi tidak merinci daftar tas darurat khusus gempa, namun dokumen Kesiapsiagaan menyebutkan Tas Siaga Bencana (TSB) umum berisi: surat-surat penting, pakaian untuk 3 hari, makanan ringan tahan lama, air minum untuk 3 hari, kotak obat-obatan/P3K, radio/ponsel dan baterai/charger, alat penerangan (senter/headlamp/korek api/lilin), uang tunai, peluit, masker, dan perlengkapan mandi.",1.0,,0.9999999999,0.5614616228251048
Apakah Kabupaten Bogor rawan gempa bumi?,"['• [Pra Bencana] foto: Representasi visual yang dibuat menggunakan kamera.\n• [Pra Bencana] foto berkaitan dengan: harta dan kepemilikan\n• [Pra Bencana] foto terkait dengan: harta\n• [Pra Bencana] dokumen: Catatan dan bukti yang relevan.\n• [Pra Bencana] dokumen terkait dengan: harta\n• [Saat Bencana] rumah: Bangunan tempat tinggal.\n• [Saat Bencana] rumah berkaitan dengan: evakuasi, konstruksi tahan gempa, tetap berada di bawah meja\n• [Saat Bencana] rumah terkait dengan: anda\n• [Saat Bencana] mobil: Sebuah kendaraan bermotor yang digunakan untuk transportasi.\n• [Saat Bencana] mobil berkaitan dengan: wilayah banjir, pinggir jalan\n• [Saat Bencana] gempa bumi: Peristiwa berguncangnya bumi yang disebabkan oleh tumbukan antar lempeng bumi, aktivitas sesar, aktivitas gunungapi, atau runtuhan batuan.\n• [Saat Bencana] gempa bumi berkaitan dengan: korban jiwa manusia, kerusakan lingkungan, kerugian harta benda, dampak psikologis, 5 bencana kabupaten bogor\n• [Saat Bencana] bmkg: Badan Meteorologi, Klimatologi, dan Geofisika, lembaga pemerintah yang memantau cuaca dan gempa bumi\n• [Saat Bencana] bmkg berkaitan dengan: informasi, laman, pvmbg\n• [Saat Bencana] bmkg terkait dengan: bpbd\n• [Pra Bencana] harta kita: Merujuk pada barang-barang pribadi yang perlu dilindungi.\n• [Pra Bencana] bangunan: Struktur yang harus dijauhkan dari api\n• [Pra Bencana] bangunan terkait dengan: api, anda\n• [Saat Bencana] gedung: Bangunan yang dibangun untuk berbagai keperluan.\n• [Saat Bencana] gedung berkaitan dengan: evakuasi\n• [Saat Bencana] tsunami: Sebuah bencana alam berupa gelombang laut besar yang merusak.\n• [Saat Bencana] tsunami berkaitan dengan: korban jiwa manusia, kerusakan lingkungan, kerugian harta benda, dampak psikologis, evakuasi ke tempat tinggi\n• [Saat Bencana] gempa bumi susulan: Gempa bumi yang terjadi setelah gempa bumi utama.\n• [Saat Bencana] gempa bumi susulan berkaitan dengan: area\n• [Saat Bencana] meja yang kuat: Meja yang kokoh dan mampu menahan beban berat.\n• [Saat Bencana] instalasi listrik dan air: Sistem dan peralatan yang menyediakan listrik dan air.\n• [Saat Bencana] tebing: Formasi batuan yang curam dan miring.\n• [Saat Bencana] tebing berkaitan dengan: longsor\n• [Pasca Bencana] harta dan kepemilikan: Aset atau barang berharga yang dimiliki seseorang.\n• [Pasca Bencana] harta dan kepemilikan berkaitan dengan: dokumentasi, catatan harta\n• [Pasca Bencana] harta dan kepemilikan terkait dengan: pergeseran tanah, foto\n• [Saat Bencana] fondasi terkait dengan: konstruksi tahan gempa\n• [Pra Bencana] pemerintah berkaitan dengan: aturan\n• [Pra Bencana] pemerintah terkait dengan: pvmbg\n• [Saat Bencana] meja terkait dengan: anda\n• [Saat Bencana] kompor berkaitan dengan: kebakaran\n• [Saat Bencana] peralatan listrik berkaitan dengan: kebakaran\n• [Saat Bencana] pecahan kaca terkait dengan: anda\n• [Saat Bencana] lapangan terbuka terkait dengan: anda']","**Pra Bencana:**
1. Gempa bumi berkaitan dengan: 5 bencana kabupaten bogor
2. Pemerintah berkaitan dengan: aturan
3. Harta kita: Merujuk pada barang-barang pribadi yang perlu dilindungi.

**Saat Bencana:**
1. Gempa bumi berkaitan dengan: korban jiwa manusia, kerusakan lingkungan, kerugian harta benda, dampak psikologis.
2. Rumah: Bangunan tempat tinggal. Rumah berkaitan dengan: evakuasi, tetap berada di bawah meja
3. Meja yang kuat: Meja yang kokoh dan mampu menahan beban berat. Meja terkait dengan: anda

**Pasca Bencana:**
1. Harta dan kepemilikan berkaitan dengan: dokumentasi, catatan harta
2. Harta dan kepemilikan terkait dengan: pergeseran tanah, foto
3. Harta dan kepemilikan berkaitan dengan: kerugian harta benda","Dokumen tidak secara eksplisit menyatakan status kerawanan gempa Kabupaten Bogor, namun menyebutkan pentingnya memperhatikan daerah rawan gempa bumi dan aturan penggunaan lahan yang dikeluarkan pemerintah sebagai bagian dari kesiapsiagaan.",1.0,,0.9999999999,0.29554400354994576
Apa yang harus dilakukan saat gempa bumi terjadi di dalam ruangan?,"['• [Saat Bencana] rumah: Bangunan tempat tinggal.\n• [Saat Bencana] rumah berkaitan dengan: evakuasi, konstruksi tahan gempa, tetap berada di bawah meja\n• [Saat Bencana] rumah terkait dengan: anda\n• [Saat Bencana] mobil: Sebuah kendaraan bermotor yang digunakan untuk transportasi.\n• [Saat Bencana] mobil berkaitan dengan: wilayah banjir, pinggir jalan\n• [Saat Bencana] gempa bumi: Peristiwa berguncangnya bumi yang disebabkan oleh tumbukan antar lempeng bumi, aktivitas sesar, aktivitas gunungapi, atau runtuhan batuan.\n• [Saat Bencana] gempa bumi berkaitan dengan: korban jiwa manusia, kerusakan lingkungan, kerugian harta benda, dampak psikologis, 5 bencana kabupaten bogor\n• [Saat Bencana] bmkg: Badan Meteorologi, Klimatologi, dan Geofisika, lembaga pemerintah yang memantau cuaca dan gempa bumi\n• [Saat Bencana] bmkg berkaitan dengan: informasi, laman, pvmbg\n• [Saat Bencana] bmkg terkait dengan: bpbd\n• [Saat Bencana] gedung: Bangunan yang dibangun untuk berbagai keperluan.\n• [Saat Bencana] gedung berkaitan dengan: evakuasi\n• [Saat Bencana] tsunami: Sebuah bencana alam berupa gelombang laut besar yang merusak.\n• [Saat Bencana] tsunami berkaitan dengan: korban jiwa manusia, kerusakan lingkungan, kerugian harta benda, dampak psikologis, evakuasi ke tempat tinggi\n• [Saat Bencana] gempa bumi susulan: Gempa bumi yang terjadi setelah gempa bumi utama.\n• [Saat Bencana] gempa bumi susulan berkaitan dengan: area\n• [Saat Bencana] meja yang kuat: Meja yang kokoh dan mampu menahan beban berat.\n• [Saat Bencana] instalasi listrik dan air: Sistem dan peralatan yang menyediakan listrik dan air.\n• [Saat Bencana] tebing: Formasi batuan yang curam dan miring.\n• [Saat Bencana] tebing berkaitan dengan: longsor\n• [Saat Bencana] fondasi terkait dengan: konstruksi tahan gempa\n• [Saat Bencana] meja terkait dengan: anda\n• [Saat Bencana] kompor berkaitan dengan: kebakaran\n• [Saat Bencana] peralatan listrik berkaitan dengan: kebakaran\n• [Saat Bencana] pecahan kaca terkait dengan: anda\n• [Saat Bencana] lapangan terbuka terkait dengan: anda']","1.  Saat gempa bumi terjadi, segera cari tempat berlindung yang aman, seperti di bawah meja yang kuat.
2.  Tetap berada di bawah meja sampai gempa berhenti.
3.  Jika tidak ada meja, pegang erat bagian bawah meja terdekat.
4.  Jauhkan diri dari jendela dan dinding luar bangunan.
5.  Perhatikan informasi dari BMKG untuk mengetahui perkembangan gempa.
","Berlindung di bawah meja untuk menghindari benda jatuh dan jendela kaca, lindungi kepala dengan bantal atau helm atau berdiri di bawah pintu, dan segera lari keluar rumah setelah terasa aman. Jangan gunakan lift; gunakan tangga darurat untuk evakuasi.",1.0,,0.9999999999,0.7979938803753289
Apa yang harus dilakukan saat gempa bumi terjadi di luar ruangan?,"['• [Saat Bencana] rumah: Bangunan tempat tinggal.\n• [Saat Bencana] rumah berkaitan dengan: evakuasi, konstruksi tahan gempa, tetap berada di bawah meja\n• [Saat Bencana] rumah terkait dengan: anda\n• [Saat Bencana] mobil: Sebuah kendaraan bermotor yang digunakan untuk transportasi.\n• [Saat Bencana] mobil berkaitan dengan: wilayah banjir, pinggir jalan\n• [Saat Bencana] gempa bumi: Peristiwa berguncangnya bumi yang disebabkan oleh tumbukan antar lempeng bumi, aktivitas sesar, aktivitas gunungapi, atau runtuhan batuan.\n• [Saat Bencana] gempa bumi berkaitan dengan: korban jiwa manusia, kerusakan lingkungan, kerugian harta benda, dampak psikologis, 5 bencana kabupaten bogor\n• [Saat Bencana] bmkg: Badan Meteorologi, Klimatologi, dan Geofisika, lembaga pemerintah yang memantau cuaca dan gempa bumi\n• [Saat Bencana] bmkg berkaitan dengan: informasi, laman, pvmbg\n• [Saat Bencana] bmkg terkait dengan: bpbd\n• [Saat Bencana] gedung: Bangunan yang dibangun untuk berbagai keperluan.\n• [Saat Bencana] gedung berkaitan dengan: evakuasi\n• [Saat Bencana] tsunami: Sebuah bencana alam berupa gelombang laut besar yang merusak.\n• [Saat Bencana] tsunami berkaitan dengan: korban jiwa manusia, kerusakan lingkungan, kerugian harta benda, dampak psikologis, evakuasi ke tempat tinggi\n• [Saat Bencana] gempa bumi susulan: Gempa bumi yang terjadi setelah gempa bumi utama.\n• [Saat Bencana] gempa bumi susulan berkaitan dengan: area\n• [Saat Bencana] meja yang kuat: Meja yang kokoh dan mampu menahan beban berat.\n• [Saat Bencana] instalasi listrik dan air: Sistem dan peralatan yang menyediakan listrik dan air.\n• [Saat Bencana] tebing: Formasi batuan yang curam dan miring.\n• [Saat Bencana] tebing berkaitan dengan: longsor\n• [Saat Bencana] fondasi terkait dengan: konstruksi tahan gempa\n• [Saat Bencana] meja terkait dengan: anda\n• [Saat Bencana] kompor berkaitan dengan: kebakaran\n• [Saat Bencana] peralatan listrik berkaitan dengan: kebakaran\n• [Saat Bencana] pecahan kaca terkait dengan: anda\n• [Saat Bencana] lapangan terbuka terkait dengan: anda']","1.  Saat gempa bumi terjadi, segera cari tempat berlindung yang aman, seperti di bawah meja yang kuat.
2.  Tetap berada di bawah meja sampai guncangan berhenti.
3.  Jauhkan diri dari jendela dan dinding luar bangunan.
4.  Jika tidak ada meja yang kuat, pegangi benda berat di dekat Anda dan lindungi kepala dan leher.
5.  Perhatikan informasi dari BMKG mengenai gempa bumi susulan.
","Waspada kemungkinan pecahan kaca, genteng, atau material lain yang jatuh; lindungi kepala dan segera menuju ke lapangan terbuka; jangan berdiri dekat tiang, pohon, sumber listrik, atau gedung yang berpotensi roboh.",1.0,,0.9999999999,0.8207780924573358
Apa yang tidak boleh dilakukan saat gempa bumi?,"['• [Saat Bencana] rumah: Bangunan tempat tinggal.\n• [Saat Bencana] rumah berkaitan dengan: evakuasi, konstruksi tahan gempa, tetap berada di bawah meja\n• [Saat Bencana] rumah terkait dengan: anda\n• [Saat Bencana] mobil: Sebuah kendaraan bermotor yang digunakan untuk transportasi.\n• [Saat Bencana] mobil berkaitan dengan: wilayah banjir, pinggir jalan\n• [Saat Bencana] gempa bumi: Peristiwa berguncangnya bumi yang disebabkan oleh tumbukan antar lempeng bumi, aktivitas sesar, aktivitas gunungapi, atau runtuhan batuan.\n• [Saat Bencana] gempa bumi berkaitan dengan: korban jiwa manusia, kerusakan lingkungan, kerugian harta benda, dampak psikologis, 5 bencana kabupaten bogor\n• [Saat Bencana] bmkg: Badan Meteorologi, Klimatologi, dan Geofisika, lembaga pemerintah yang memantau cuaca dan gempa bumi\n• [Saat Bencana] bmkg berkaitan dengan: informasi, laman, pvmbg\n• [Saat Bencana] bmkg terkait dengan: bpbd\n• [Saat Bencana] gedung: Bangunan yang dibangun untuk berbagai keperluan.\n• [Saat Bencana] gedung berkaitan dengan: evakuasi\n• [Saat Bencana] tsunami: Sebuah bencana alam berupa gelombang laut besar yang merusak.\n• [Saat Bencana] tsunami berkaitan dengan: korban jiwa manusia, kerusakan lingkungan, kerugian harta benda, dampak psikologis, evakuasi ke tempat tinggi\n• [Saat Bencana] gempa bumi susulan: Gempa bumi yang terjadi setelah gempa bumi utama.\n• [Saat Bencana] gempa bumi susulan berkaitan dengan: area\n• [Saat Bencana] meja yang kuat: Meja yang kokoh dan mampu menahan beban berat.\n• [Saat Bencana] instalasi listrik dan air: Sistem dan peralatan yang menyediakan listrik dan air.\n• [Saat Bencana] tebing: Formasi batuan yang curam dan miring.\n• [Saat Bencana] tebing berkaitan dengan: longsor\n• [Saat Bencana] fondasi terkait dengan: konstruksi tahan gempa\n• [Saat Bencana] meja terkait dengan: anda\n• [Saat Bencana] kompor berkaitan dengan: kebakaran\n• [Saat Bencana] peralatan listrik berkaitan dengan: kebakaran\n• [Saat Bencana] pecahan kaca terkait dengan: anda\n• [Saat Bencana] lapangan terbuka terkait dengan: anda']","Tentu, ini dia jawaban yang bisa saya sampaikan kepada masyarakat:

1.  Jangan berada di dekat jendela atau dinding bangunan saat terjadi gempa bumi.
2.  Hindari mencoba memperbaiki instalasi listrik dan air yang rusak.
3.  Jangan mencoba keluar dari bangunan dengan membawa kompor atau peralatan listrik yang mungkin menyebabkan bahaya.
4.  Jangan mendekat ke pecahan kaca.
5.  Hindari berdiri di dekat tebing karena berpotensi terjadi longsoran.","Jangan gunakan lift saat terasa guncangan (gunakan tangga darurat), jangan berdiri dekat tiang, pohon, sumber listrik, atau gedung yang mungkin roboh saat berada di luar ruangan, dan jangan berhenti di bawah atau di atas jembatan/rambu lalu lintas jika berada di dalam mobil.",0.8,,0.9999999999,0.6593443245022984
Apa yang harus dilakukan setelah gempa bumi berhenti?,"['• [Pasca Bencana] harta dan kepemilikan: Aset atau barang berharga yang dimiliki seseorang.\n• [Pasca Bencana] harta dan kepemilikan berkaitan dengan: dokumentasi, catatan harta\n• [Pasca Bencana] harta dan kepemilikan terkait dengan: pergeseran tanah, foto']","Tentu, ini yang bisa kamu lakukan setelah gempa berhenti:

1.  Pastikan kamu dan keluarga selamat.
2.  Catat semua aset atau barang berharga yang hilang atau rusak, seperti dokumen, catatan, foto, atau apapun yang penting.
3.  Usahakan untuk mengumpulkan bukti-bukti terkait kerusakan harta benda, misalnya foto.
4.  Simpan semua catatan dan dokumen mengenai kerugian harta benda dengan rapi.
5.  Laporkan kehilangan atau kerusakan harta benda ke pihak berwenang.",Evakuasi diri sambil memperhatikan reruntuhan dan benda-benda berbahaya jika berada di dalam bangunan; tetap waspada terhadap gempa susulan; periksa keberadaan api dan potensi kebakaran.,0.2857142857142857,,0.0,0.7564826355927518
Apa itu gempa susulan?,"['• [Pra Bencana] foto: Representasi visual yang dibuat menggunakan kamera.\n• [Pra Bencana] foto berkaitan dengan: harta dan kepemilikan\n• [Pra Bencana] foto terkait dengan: harta\n• [Pra Bencana] dokumen: Catatan dan bukti yang relevan.\n• [Pra Bencana] dokumen terkait dengan: harta\n• [Saat Bencana] rumah: Bangunan tempat tinggal.\n• [Saat Bencana] rumah berkaitan dengan: evakuasi, konstruksi tahan gempa, tetap berada di bawah meja\n• [Saat Bencana] rumah terkait dengan: anda\n• [Saat Bencana] mobil: Sebuah kendaraan bermotor yang digunakan untuk transportasi.\n• [Saat Bencana] mobil berkaitan dengan: wilayah banjir, pinggir jalan\n• [Saat Bencana] gempa bumi: Peristiwa berguncangnya bumi yang disebabkan oleh tumbukan antar lempeng bumi, aktivitas sesar, aktivitas gunungapi, atau runtuhan batuan.\n• [Saat Bencana] gempa bumi berkaitan dengan: korban jiwa manusia, kerusakan lingkungan, kerugian harta benda, dampak psikologis, 5 bencana kabupaten bogor\n• [Saat Bencana] bmkg: Badan Meteorologi, Klimatologi, dan Geofisika, lembaga pemerintah yang memantau cuaca dan gempa bumi\n• [Saat Bencana] bmkg berkaitan dengan: informasi, laman, pvmbg\n• [Saat Bencana] bmkg terkait dengan: bpbd\n• [Pra Bencana] harta kita: Merujuk pada barang-barang pribadi yang perlu dilindungi.\n• [Pra Bencana] bangunan: Struktur yang harus dijauhkan dari api\n• [Pra Bencana] bangunan terkait dengan: api, anda\n• [Saat Bencana] gedung: Bangunan yang dibangun untuk berbagai keperluan.\n• [Saat Bencana] gedung berkaitan dengan: evakuasi\n• [Saat Bencana] tsunami: Sebuah bencana alam berupa gelombang laut besar yang merusak.\n• [Saat Bencana] tsunami berkaitan dengan: korban jiwa manusia, kerusakan lingkungan, kerugian harta benda, dampak psikologis, evakuasi ke tempat tinggi\n• [Saat Bencana] gempa bumi susulan: Gempa bumi yang terjadi setelah gempa bumi utama.\n• [Saat Bencana] gempa bumi susulan berkaitan dengan: area\n• [Saat Bencana] meja yang kuat: Meja yang kokoh dan mampu menahan beban berat.\n• [Saat Bencana] instalasi listrik dan air: Sistem dan peralatan yang menyediakan listrik dan air.\n• [Saat Bencana] tebing: Formasi batuan yang curam dan miring.\n• [Saat Bencana] tebing berkaitan dengan: longsor\n• [Pasca Bencana] harta dan kepemilikan: Aset atau barang berharga yang dimiliki seseorang.\n• [Pasca Bencana] harta dan kepemilikan berkaitan dengan: dokumentasi, catatan harta\n• [Pasca Bencana] harta dan kepemilikan terkait dengan: pergeseran tanah, foto\n• [Saat Bencana] fondasi terkait dengan: konstruksi tahan gempa\n• [Pra Bencana] pemerintah berkaitan dengan: aturan\n• [Pra Bencana] pemerintah terkait dengan: pvmbg\n• [Saat Bencana] meja terkait dengan: anda\n• [Saat Bencana] kompor berkaitan dengan: kebakaran\n• [Saat Bencana] peralatan listrik berkaitan dengan: kebakaran\n• [Saat Bencana] pecahan kaca terkait dengan: anda\n• [Saat Bencana] lapangan terbuka terkait dengan: anda']","Gempa susulan adalah gempa bumi yang terjadi setelah gempa bumi utama terjadi. Gempa ini biasanya terjadi karena bumi masih belum stabil setelah gempa besar sebelumnya. Gempa susulan bisa saja terjadi di area yang sama dengan gempa utama, dan dampaknya bisa saja menyebabkan kerusakan lebih lanjut. Jadi, perlu kewaspadaan ekstra terhadap gempa susulan setelah merasakan gempa utama.","Dokumen tidak mendefinisikan istilah 'gempa susulan' secara eksplisit, namun menekankan pentingnya tetap waspada terhadap gempa susulan setelah gempa bumi utama terjadi, baik saat berada di dalam bangunan maupun di luar.",1.0,,0.9999999999,0.7522961200045084
Bagaimana cara membantu korban gempa yang terluka?,"['• [Pra Bencana] foto: Representasi visual yang dibuat menggunakan kamera.\n• [Pra Bencana] foto berkaitan dengan: harta dan kepemilikan\n• [Pra Bencana] foto terkait dengan: harta\n• [Pra Bencana] dokumen: Catatan dan bukti yang relevan.\n• [Pra Bencana] dokumen terkait dengan: harta\n• [Saat Bencana] rumah: Bangunan tempat tinggal.\n• [Saat Bencana] rumah berkaitan dengan: evakuasi, konstruksi tahan gempa, tetap berada di bawah meja\n• [Saat Bencana] rumah terkait dengan: anda\n• [Saat Bencana] mobil: Sebuah kendaraan bermotor yang digunakan untuk transportasi.\n• [Saat Bencana] mobil berkaitan dengan: wilayah banjir, pinggir jalan\n• [Saat Bencana] gempa bumi: Peristiwa berguncangnya bumi yang disebabkan oleh tumbukan antar lempeng bumi, aktivitas sesar, aktivitas gunungapi, atau runtuhan batuan.\n• [Saat Bencana] gempa bumi berkaitan dengan: korban jiwa manusia, kerusakan lingkungan, kerugian harta benda, dampak psikologis, 5 bencana kabupaten bogor\n• [Saat Bencana] bmkg: Badan Meteorologi, Klimatologi, dan Geofisika, lembaga pemerintah yang memantau cuaca dan gempa bumi\n• [Saat Bencana] bmkg berkaitan dengan: informasi, laman, pvmbg\n• [Saat Bencana] bmkg terkait dengan: bpbd\n• [Pra Bencana] harta kita: Merujuk pada barang-barang pribadi yang perlu dilindungi.\n• [Pra Bencana] bangunan: Struktur yang harus dijauhkan dari api\n• [Pra Bencana] bangunan terkait dengan: api, anda\n• [Saat Bencana] gedung: Bangunan yang dibangun untuk berbagai keperluan.\n• [Saat Bencana] gedung berkaitan dengan: evakuasi\n• [Saat Bencana] tsunami: Sebuah bencana alam berupa gelombang laut besar yang merusak.\n• [Saat Bencana] tsunami berkaitan dengan: korban jiwa manusia, kerusakan lingkungan, kerugian harta benda, dampak psikologis, evakuasi ke tempat tinggi\n• [Saat Bencana] gempa bumi susulan: Gempa bumi yang terjadi setelah gempa bumi utama.\n• [Saat Bencana] gempa bumi susulan berkaitan dengan: area\n• [Saat Bencana] meja yang kuat: Meja yang kokoh dan mampu menahan beban berat.\n• [Saat Bencana] instalasi listrik dan air: Sistem dan peralatan yang menyediakan listrik dan air.\n• [Saat Bencana] tebing: Formasi batuan yang curam dan miring.\n• [Saat Bencana] tebing berkaitan dengan: longsor\n• [Pasca Bencana] harta dan kepemilikan: Aset atau barang berharga yang dimiliki seseorang.\n• [Pasca Bencana] harta dan kepemilikan berkaitan dengan: dokumentasi, catatan harta\n• [Pasca Bencana] harta dan kepemilikan terkait dengan: pergeseran tanah, foto\n• [Saat Bencana] fondasi terkait dengan: konstruksi tahan gempa\n• [Pra Bencana] pemerintah berkaitan dengan: aturan\n• [Pra Bencana] pemerintah terkait dengan: pvmbg\n• [Saat Bencana] meja terkait dengan: anda\n• [Saat Bencana] kompor berkaitan dengan: kebakaran\n• [Saat Bencana] peralatan listrik berkaitan dengan: kebakaran\n• [Saat Bencana] pecahan kaca terkait dengan: anda\n• [Saat Bencana] lapangan terbuka terkait dengan: anda']","**Pra Bencana:**
1. Lindungi harta dan kepemilikan Anda, termasuk dokumen penting.
2. Pastikan bangunan tempat tinggal Anda kokoh dan tahan terhadap gempa.
3. Pantau informasi dari BMKG terkait potensi gempa bumi.

**Saat Bencana:**
1. Cari tempat berlindung yang aman, seperti di bawah meja yang kuat.
2. Jauhi bangunan dan struktur tinggi.
3. Jika memungkinkan, bantu korban yang terluka dengan memberikan pertolongan pertama.

**Pasca Bencana:**
1. Dokumentasikan kerugian harta benda Anda dengan foto dan catatan yang detail.
2. Laporkan kerusakan kepada pihak berwajib dan BPBD.
3. Hati-hati terhadap barang-barang yang rusak atau pecah, terutama pecahan kaca.",Dokumen Gempa Bumi tidak merinci prosedur pertolongan pertama korban terluka secara spesifik.,1.0,,0.0,0.6439293276452368
Bagaimana cara mempersiapkan diri sebelum bencana angin kencang?,"['• [Pra Bencana] angin kencang: Istilah bencana lokal dari Angin Puting Beliung untuk Kabupaten Bogor.\n• [Pra Bencana] angin kencang berkaitan dengan: kabupaten bogor, 5 bencana kabupaten bogor, api\n• [Pra Bencana] angin kencang terkait dengan: cuaca berangin, memperhatikan tanda-tanda\n• [Pra Bencana] angin puting beliung: Fenomena cuaca buruk yang menjadi fokus pengetahuan.\n• [Pra Bencana] angin puting beliung berkaitan dengan: kabupaten bogor\n• [Pra Bencana] angin puting beliung terkait dengan: meningkatkan pengetahuan\n• [Pra Bencana] rumah/bangunan: Bangunan yang kokoh untuk perlindungan.\n• [Pra Bencana] rumah/bangunan terkait dengan: membuat rumah/bangunan\n• [Pra Bencana] udara terasa panas: Indikator tanda-tanda terjadinya angin puting beliung.\n• [Pra Bencana] awan gelap: Indikator tanda-tanda terjadinya angin puting beliung.\n• [Pra Bencana] kabupaten bogor terkait dengan: angin kencang, angin puting beliung, gunung salak']","Tentu, ini dia cara mempersiapkan diri sebelum bencana angin kencang, berdasarkan informasi yang tersedia:

1.  Perhatikan tanda-tanda cuaca berangin seperti awan gelap atau udara yang terasa panas.
2.  Pastikan rumah atau bangunan tempat tinggal Anda kokoh dan aman.
3.  Tingkatkan pengetahuan Anda tentang angin puting beliung dan bagaimana cara menghindarinya.
4.  Perhatikan ada 5 bencana yang pernah terjadi di kabupaten Bogor, terutama yang disebabkan oleh angin kencang.
5.  Angin kencang atau puting beliung bisa berbahaya, jadi selalu waspada terhadap perubahan cuaca.","Membuat rumah/bangunan yang kokoh, meningkatkan pengetahuan tentang angin puting beliung dan cara penyelamatan diri, serta memperhatikan tanda-tanda akan terjadinya angin puting beliung seperti udara terasa panas dan munculnya awan gelap yang berlangsung hingga sore hari.",1.0,,0.9999999999,0.7099792828237765
Apa dampak angin kencang terhadap infrastruktur?,"['• [Pra Bencana] angin kencang: Istilah bencana lokal dari Angin Puting Beliung untuk Kabupaten Bogor.\n• [Pra Bencana] angin kencang berkaitan dengan: kabupaten bogor, 5 bencana kabupaten bogor, api\n• [Pra Bencana] angin kencang terkait dengan: cuaca berangin, memperhatikan tanda-tanda\n• [Pra Bencana] angin puting beliung: Fenomena cuaca buruk yang menjadi fokus pengetahuan.\n• [Pra Bencana] angin puting beliung berkaitan dengan: kabupaten bogor\n• [Pra Bencana] angin puting beliung terkait dengan: meningkatkan pengetahuan\n• [Pra Bencana] rumah/bangunan: Bangunan yang kokoh untuk perlindungan.\n• [Pra Bencana] rumah/bangunan terkait dengan: membuat rumah/bangunan\n• [Pra Bencana] udara terasa panas: Indikator tanda-tanda terjadinya angin puting beliung.\n• [Pra Bencana] awan gelap: Indikator tanda-tanda terjadinya angin puting beliung.\n• [Saat Bencana] jendela dan pintu: Bagian bangunan yang harus ditutup saat bencana.\n• [Saat Bencana] jendela dan pintu berkaitan dengan: penutupan\n• [Saat Bencana] aliran listrik dan peralatan elektronik: Sumber bahaya yang harus dimatikan.\n• [Saat Bencana] aliran listrik dan peralatan elektronik berkaitan dengan: pemadaman\n• [Saat Bencana] petir: Bahaya yang perlu dihindari saat badai.\n• [Saat Bencana] petir berkaitan dengan: 5 bencana kabupaten bogor, korban\n• [Saat Bencana] bangunan yang kokoh: Tempat berlindung saat bencana.\n• [Saat Bencana] bangunan yang kokoh berkaitan dengan: tempat berlindung\n• [Saat Bencana] pohon besar dan papan reklame: Objek yang harus dihindari saat bencana.\n• [Saat Bencana] pohon besar dan papan reklame berkaitan dengan: korban\n• [Pasca Bencana] korban: Manusia yang mengalami cedera akibat bencana.\n• [Pasca Bencana] korban berkaitan dengan: pertolongan darurat, dukungan logistik\n• [Pasca Bencana] korban terkait dengan: petir, pohon besar dan papan reklame\n• [Pasca Bencana] pertolongan darurat: Tindakan awal yang dilakukan saat korban terluka.\n• [Pasca Bencana] pertolongan darurat terkait dengan: korban\n• [Pasca Bencana] yang berwenang: Pihak yang bertanggung jawab dalam penanganan bencana.\n• [Pasca Bencana] yang berwenang berkaitan dengan: pelaporan kerusakan\n• [Pasca Bencana] kerusakan listrik, gas, dan lainnya: Kerugian akibat bencana.\n• [Pra Bencana] kabupaten bogor terkait dengan: angin kencang, angin puting beliung, gunung salak']","Berikut adalah dampak angin kencang terhadap infrastruktur berdasarkan informasi yang tersedia:

1.  Api
2.  Kerusakan listrik, gas, dan lainnya.
3.  Korban (terkait dengan pohon besar dan papan reklame)
4.  Membuat rumah/bangunan
5.  5 bencana kabupaten bogor","Dokumen menyebutkan Angin Kencang berdampak pada rumah dan infrastruktur secara umum (berbeda dari Angin Puting Beliung asli karena tidak berputar, tapi berhembus kencang), namun tidak merinci jenis kerusakan infrastruktur secara spesifik selain potensi kerusakan listrik dan gas pasca bencana.",1.0,,0.9999999999,0.7419462270702964
Apa yang harus dilakukan saat terjadi angin kencang?,"['• [Saat Bencana] jendela dan pintu: Bagian bangunan yang harus ditutup saat bencana.\n• [Saat Bencana] jendela dan pintu berkaitan dengan: penutupan\n• [Saat Bencana] aliran listrik dan peralatan elektronik: Sumber bahaya yang harus dimatikan.\n• [Saat Bencana] aliran listrik dan peralatan elektronik berkaitan dengan: pemadaman\n• [Saat Bencana] petir: Bahaya yang perlu dihindari saat badai.\n• [Saat Bencana] petir berkaitan dengan: 5 bencana kabupaten bogor, korban\n• [Saat Bencana] bangunan yang kokoh: Tempat berlindung saat bencana.\n• [Saat Bencana] bangunan yang kokoh berkaitan dengan: tempat berlindung\n• [Saat Bencana] pohon besar dan papan reklame: Objek yang harus dihindari saat bencana.\n• [Saat Bencana] pohon besar dan papan reklame berkaitan dengan: korban']","Baik, ini yang bisa saya sampaikan saat terjadi angin kencang:

1.  Tutup rapat jendela dan pintu di rumah Anda.
2.  Matikan semua aliran listrik dan peralatan elektronik.
3.  Jauhi petir yang menyambar, terutama saat badai.
4.  Cari perlindungan di bangunan yang kokoh.
5.  Hindari berdiri di dekat pohon besar dan papan reklame.","Bawa barang-barang masuk ke dalam rumah, tutup dan kunci jendela serta pintu, matikan semua aliran listrik dan peralatan elektronik, jika ada potensi petir segera membungkuk/duduk/peluk lutut ke dada, jangan tiarap di atas tanah, hindari bangunan tinggi/tiang listrik/papan reklame, segera masuk ke rumah atau bangunan yang kokoh, dan jangan berlindung di bawah pohon besar atau papan reklame.",1.0,,0.9999999999,0.8249295200723131
Apa itu angin puting beliung?,"['• [Pra Bencana] angin kencang: Istilah bencana lokal dari Angin Puting Beliung untuk Kabupaten Bogor.\n• [Pra Bencana] angin kencang berkaitan dengan: kabupaten bogor, 5 bencana kabupaten bogor, api\n• [Pra Bencana] angin kencang terkait dengan: cuaca berangin, memperhatikan tanda-tanda\n• [Pra Bencana] angin puting beliung: Fenomena cuaca buruk yang menjadi fokus pengetahuan.\n• [Pra Bencana] angin puting beliung berkaitan dengan: kabupaten bogor\n• [Pra Bencana] angin puting beliung terkait dengan: meningkatkan pengetahuan\n• [Pra Bencana] rumah/bangunan: Bangunan yang kokoh untuk perlindungan.\n• [Pra Bencana] rumah/bangunan terkait dengan: membuat rumah/bangunan\n• [Pra Bencana] udara terasa panas: Indikator tanda-tanda terjadinya angin puting beliung.\n• [Pra Bencana] awan gelap: Indikator tanda-tanda terjadinya angin puting beliung.\n• [Saat Bencana] jendela dan pintu: Bagian bangunan yang harus ditutup saat bencana.\n• [Saat Bencana] jendela dan pintu berkaitan dengan: penutupan\n• [Saat Bencana] aliran listrik dan peralatan elektronik: Sumber bahaya yang harus dimatikan.\n• [Saat Bencana] aliran listrik dan peralatan elektronik berkaitan dengan: pemadaman\n• [Saat Bencana] petir: Bahaya yang perlu dihindari saat badai.\n• [Saat Bencana] petir berkaitan dengan: 5 bencana kabupaten bogor, korban\n• [Saat Bencana] bangunan yang kokoh: Tempat berlindung saat bencana.\n• [Saat Bencana] bangunan yang kokoh berkaitan dengan: tempat berlindung\n• [Saat Bencana] pohon besar dan papan reklame: Objek yang harus dihindari saat bencana.\n• [Saat Bencana] pohon besar dan papan reklame berkaitan dengan: korban\n• [Pasca Bencana] korban: Manusia yang mengalami cedera akibat bencana.\n• [Pasca Bencana] korban berkaitan dengan: pertolongan darurat, dukungan logistik\n• [Pasca Bencana] korban terkait dengan: petir, pohon besar dan papan reklame\n• [Pasca Bencana] pertolongan darurat: Tindakan awal yang dilakukan saat korban terluka.\n• [Pasca Bencana] pertolongan darurat terkait dengan: korban\n• [Pasca Bencana] yang berwenang: Pihak yang bertanggung jawab dalam penanganan bencana.\n• [Pasca Bencana] yang berwenang berkaitan dengan: pelaporan kerusakan\n• [Pasca Bencana] kerusakan listrik, gas, dan lainnya: Kerugian akibat bencana.\n• [Pra Bencana] kabupaten bogor terkait dengan: angin kencang, angin puting beliung, gunung salak']",Angin puting beliung adalah fenomena cuaca buruk yang sering terjadi di Kabupaten Bogor. Kita menyebutnya “Angin Puting Beliung” secara lokal. Fenomena ini merupakan cuaca buruk yang perlu kita perhatikan. Angin puting beliung menjadi fokus perhatian karena berkaitan dengan beberapa kejadian bencana di Kabupaten Bogor.,"Dokumen menjelaskan bahwa 'Angin Kencang' adalah istilah bencana lokal untuk Kabupaten Bogor yang berasal dari fenomena Angin Puting Beliung, namun karakteristiknya berbeda -- angin di Kabupaten Bogor tidak berputar seperti Angin Puting Beliung aslinya, melainkan berhembus kencang dan berdampak pada rumah serta infrastruktur.",0.75,,0.9999999999,0.5780483826205868
Kapan angin puting beliung sering terjadi di Bogor?,"['• [Saat Bencana] jendela dan pintu: Bagian bangunan yang harus ditutup saat bencana.\n• [Saat Bencana] jendela dan pintu berkaitan dengan: penutupan\n• [Saat Bencana] aliran listrik dan peralatan elektronik: Sumber bahaya yang harus dimatikan.\n• [Saat Bencana] aliran listrik dan peralatan elektronik berkaitan dengan: pemadaman\n• [Saat Bencana] petir: Bahaya yang perlu dihindari saat badai.\n• [Saat Bencana] petir berkaitan dengan: 5 bencana kabupaten bogor, korban\n• [Saat Bencana] bangunan yang kokoh: Tempat berlindung saat bencana.\n• [Saat Bencana] bangunan yang kokoh berkaitan dengan: tempat berlindung\n• [Saat Bencana] pohon besar dan papan reklame: Objek yang harus dihindari saat bencana.\n• [Saat Bencana] pohon besar dan papan reklame berkaitan dengan: korban']","Tentu, ini yang bisa saya bantu:

1.  Saat terjadi badai, pastikan untuk menutup jendela dan pintu pada bangunan tempat Anda berada.
2.  Jika ada listrik atau peralatan elektronik, segera matikan.
3.  Hindari berada di dekat pohon besar atau papan reklame saat terjadi badai.
4.  Perlu diingat bahwa saat terjadi badai, petir merupakan bahaya yang harus dihindari.
5.  Cari tempat berlindung di bangunan yang kokoh saat terjadi bencana.",Bencana ini terjadi akibat peristiwa hidrometeorologis yang meningkat intensitas kejadiannya pada masa peralihan musim.,0.8333333333333334,,0.0,0.3165658391892831
Apa tanda-tanda akan terjadi angin puting beliung?,"['• [Saat Bencana] jendela dan pintu: Bagian bangunan yang harus ditutup saat bencana.\n• [Saat Bencana] jendela dan pintu berkaitan dengan: penutupan\n• [Saat Bencana] aliran listrik dan peralatan elektronik: Sumber bahaya yang harus dimatikan.\n• [Saat Bencana] aliran listrik dan peralatan elektronik berkaitan dengan: pemadaman\n• [Saat Bencana] petir: Bahaya yang perlu dihindari saat badai.\n• [Saat Bencana] petir berkaitan dengan: 5 bencana kabupaten bogor, korban\n• [Saat Bencana] bangunan yang kokoh: Tempat berlindung saat bencana.\n• [Saat Bencana] bangunan yang kokoh berkaitan dengan: tempat berlindung\n• [Saat Bencana] pohon besar dan papan reklame: Objek yang harus dihindari saat bencana.\n• [Saat Bencana] pohon besar dan papan reklame berkaitan dengan: korban']","Baik, ini beberapa hal yang perlu Anda lakukan saat ada tanda-tanda angin puting beliung:

1.  Saat ada petir, hindari berada di dekat pohon besar dan papan reklame.
2.  Tutup jendela dan pintu semua bangunan tempat Anda berada.
3.  Matikan aliran listrik dan peralatan elektronik.
4.  Cari tempat berlindung di bangunan yang kokoh.
5.  Jauhi pohon besar dan papan reklame karena bisa menjadi korban.","Tanda-tandanya antara lain udara terasa panas, kemudian muncul awan gelap yang berlangsung hingga sore hari.",0.8333333333333334,,0.0,0.6758889168177636
Bagaimana cara mempersiapkan rumah agar tahan angin puting beliung?,"['• [Pra Bencana] angin kencang: Istilah bencana lokal dari Angin Puting Beliung untuk Kabupaten Bogor.\n• [Pra Bencana] angin kencang berkaitan dengan: kabupaten bogor, 5 bencana kabupaten bogor, api\n• [Pra Bencana] angin kencang terkait dengan: cuaca berangin, memperhatikan tanda-tanda\n• [Pra Bencana] angin puting beliung: Fenomena cuaca buruk yang menjadi fokus pengetahuan.\n• [Pra Bencana] angin puting beliung berkaitan dengan: kabupaten bogor\n• [Pra Bencana] angin puting beliung terkait dengan: meningkatkan pengetahuan\n• [Pra Bencana] rumah/bangunan: Bangunan yang kokoh untuk perlindungan.\n• [Pra Bencana] rumah/bangunan terkait dengan: membuat rumah/bangunan\n• [Pra Bencana] udara terasa panas: Indikator tanda-tanda terjadinya angin puting beliung.\n• [Pra Bencana] awan gelap: Indikator tanda-tanda terjadinya angin puting beliung.\n• [Saat Bencana] jendela dan pintu: Bagian bangunan yang harus ditutup saat bencana.\n• [Saat Bencana] jendela dan pintu berkaitan dengan: penutupan\n• [Saat Bencana] aliran listrik dan peralatan elektronik: Sumber bahaya yang harus dimatikan.\n• [Saat Bencana] aliran listrik dan peralatan elektronik berkaitan dengan: pemadaman\n• [Saat Bencana] petir: Bahaya yang perlu dihindari saat badai.\n• [Saat Bencana] petir berkaitan dengan: 5 bencana kabupaten bogor, korban\n• [Saat Bencana] bangunan yang kokoh: Tempat berlindung saat bencana.\n• [Saat Bencana] bangunan yang kokoh berkaitan dengan: tempat berlindung\n• [Saat Bencana] pohon besar dan papan reklame: Objek yang harus dihindari saat bencana.\n• [Saat Bencana] pohon besar dan papan reklame berkaitan dengan: korban\n• [Pasca Bencana] korban: Manusia yang mengalami cedera akibat bencana.\n• [Pasca Bencana] korban berkaitan dengan: pertolongan darurat, dukungan logistik\n• [Pasca Bencana] korban terkait dengan: petir, pohon besar dan papan reklame\n• [Pasca Bencana] pertolongan darurat: Tindakan awal yang dilakukan saat korban terluka.\n• [Pasca Bencana] pertolongan darurat terkait dengan: korban\n• [Pasca Bencana] yang berwenang: Pihak yang bertanggung jawab dalam penanganan bencana.\n• [Pasca Bencana] yang berwenang berkaitan dengan: pelaporan kerusakan\n• [Pasca Bencana] kerusakan listrik, gas, dan lainnya: Kerugian akibat bencana.\n• [Pra Bencana] kabupaten bogor terkait dengan: angin kencang, angin puting beliung, gunung salak']","**Pra Bencana:**

1. Perhatikan tanda-tanda seperti cuaca berangin atau awan gelap.
2. Pastikan rumah/bangunan Anda kokoh dan tahan terhadap angin kencang atau puting beliung.
3. Perhatikan informasi mengenai potensi angin kencang dan puting beliung di Kabupaten Bogor.

**Saat Bencana:**

1. Tutup jendela dan pintu rapat-rapat.
2. Matikan aliran listrik dan peralatan elektronik.
3. Jauhi petir, pohon besar, dan papan reklame.

**Pasca Bencana:**

1. Berikan pertolongan darurat kepada korban yang terluka.
2. Laporkan kerusakan listrik, gas, dan lainnya kepada pihak yang berwenang.
3. Dapatkan dukungan logistik dan bantuan untuk korban.",Dokumen menyebutkan langkah utama adalah membuat rumah/bangunan yang kokoh sebagai bagian dari kesiapsiagaan pra bencana.,1.0,,0.9999999999,0.5270510317457621
Apa yang harus dilakukan saat terjadi angin puting beliung?,"['• [Saat Bencana] jendela dan pintu: Bagian bangunan yang harus ditutup saat bencana.\n• [Saat Bencana] jendela dan pintu berkaitan dengan: penutupan\n• [Saat Bencana] aliran listrik dan peralatan elektronik: Sumber bahaya yang harus dimatikan.\n• [Saat Bencana] aliran listrik dan peralatan elektronik berkaitan dengan: pemadaman\n• [Saat Bencana] petir: Bahaya yang perlu dihindari saat badai.\n• [Saat Bencana] petir berkaitan dengan: 5 bencana kabupaten bogor, korban\n• [Saat Bencana] bangunan yang kokoh: Tempat berlindung saat bencana.\n• [Saat Bencana] bangunan yang kokoh berkaitan dengan: tempat berlindung\n• [Saat Bencana] pohon besar dan papan reklame: Objek yang harus dihindari saat bencana.\n• [Saat Bencana] pohon besar dan papan reklame berkaitan dengan: korban']","1.  Saat terjadi angin puting beliung, segera tutup jendela dan pintu di bangunan tempat Anda berada.
2.  Matikan aliran listrik dan semua peralatan elektronik.
3.  Hindari pohon besar dan papan reklame.
4.  Cari perlindungan di bangunan yang kokoh.
5.  Waspadalah terhadap bahaya petir saat badai.","Bawa barang-barang masuk ke rumah, tutup dan kunci jendela/pintu, matikan aliran listrik dan peralatan elektronik, jika ada potensi petir membungkuk/duduk/peluk lutut, jangan tiarap di tanah, hindari bangunan tinggi/tiang listrik/papan reklame, segera masuk ke bangunan yang kokoh, dan jangan berlindung di bawah pohon besar atau papan reklame.",1.0,,0.9999999999,0.7147836960603366
Apa yang harus dilakukan setelah angin puting beliung?,"['• [Pasca Bencana] korban: Manusia yang mengalami cedera akibat bencana.\n• [Pasca Bencana] korban berkaitan dengan: pertolongan darurat, dukungan logistik\n• [Pasca Bencana] korban terkait dengan: petir, pohon besar dan papan reklame\n• [Pasca Bencana] pertolongan darurat: Tindakan awal yang dilakukan saat korban terluka.\n• [Pasca Bencana] pertolongan darurat terkait dengan: korban\n• [Pasca Bencana] yang berwenang: Pihak yang bertanggung jawab dalam penanganan bencana.\n• [Pasca Bencana] yang berwenang berkaitan dengan: pelaporan kerusakan\n• [Pasca Bencana] kerusakan listrik, gas, dan lainnya: Kerugian akibat bencana.']","Tentu, saya akan bantu. Berikut adalah langkah-langkah yang perlu dilakukan setelah terjadi angin puting beliung:

1.  Pastikan semua orang yang terluka mendapatkan pertolongan darurat.
2.  Korban yang terluka membutuhkan dukungan logistik seperti makanan dan obat-obatan.
3.  Korban-korban tersebut membutuhkan pertolongan darurat.
4.  Pihak yang berwenang bertanggung jawab dalam melaporkan kerusakan yang terjadi.
5.  Perhatikan adanya kerusakan pada listrik, gas, dan fasilitas penting lainnya.","Pastikan tidak ada anggota keluarga yang cedera, bila ada korban segera berikan pertolongan darurat, laporkan kerusakan yang berhubungan dengan listrik, gas, dan kerusakan lainnya kepada pihak berwenang, dan jika dalam perjalanan teruskan dengan hati-hati.",0.8,,0.9999999999,0.8020210314116056
Apakah puting beliung bisa terjadi lagi di lokasi yang sama?,"['• [Saat Bencana] jendela dan pintu: Bagian bangunan yang harus ditutup saat bencana.\n• [Saat Bencana] jendela dan pintu berkaitan dengan: penutupan\n• [Saat Bencana] aliran listrik dan peralatan elektronik: Sumber bahaya yang harus dimatikan.\n• [Saat Bencana] aliran listrik dan peralatan elektronik berkaitan dengan: pemadaman\n• [Saat Bencana] petir: Bahaya yang perlu dihindari saat badai.\n• [Saat Bencana] petir berkaitan dengan: 5 bencana kabupaten bogor, korban\n• [Saat Bencana] bangunan yang kokoh: Tempat berlindung saat bencana.\n• [Saat Bencana] bangunan yang kokoh berkaitan dengan: tempat berlindung\n• [Saat Bencana] pohon besar dan papan reklame: Objek yang harus dihindari saat bencana.\n• [Saat Bencana] pohon besar dan papan reklame berkaitan dengan: korban']","Oke, siap! Mari kita tangani pertanyaan ini dengan baik. Berikut adalah beberapa hal yang perlu Anda lakukan saat terjadi bencana:

1.  Saat terjadi bencana, segera tutup semua jendela dan pintu di bangunan tempat Anda berada.
2.  Matikan semua aliran listrik dan peralatan elektronik. Ini penting untuk mencegah bahaya saat listrik padam.
3.  Hati-hati terhadap petir saat badai datang. Petir bisa sangat berbahaya.
4.  Cari tempat berlindung di bangunan yang kokoh.
5.  Jauhi pohon besar dan papan reklame saat bencana terjadi. 

Semoga informasi ini membantu!",Dokumen tidak membahas soal kemungkinan keberulangan lokasi kejadian angin puting beliung/angin kencang.,0.8571428571428571,,0.0,0.3122002101201707
Apa yang dilakukan pasca bencana erupsi gunung api?,['• [Pasca Bencana] rumah atau bangunan berkaitan dengan: wilayah aliran sungai\n• [Pasca Bencana] musim hujan berkaitan dengan: bahaya lahar\n• [Pasca Bencana] wilayah aliran sungai terkait dengan: rumah atau bangunan'],"Tentu, saya akan bantu jelaskan. Berikut langkah-langkah yang perlu dilakukan setelah terjadi bencana, berdasarkan informasi yang ada:

1.  Setelah terjadi bencana, periksa kondisi rumah atau bangunan yang berada di dekat wilayah aliran sungai.
2.  Perhatikan juga dampak dari musim hujan, karena musim hujan dapat meningkatkan bahaya lahar.
3.  Pastikan rumah atau bangunan tidak berada di area yang berpotensi terendam oleh aliran sungai.
4.  Waspadai potensi bahaya lahar yang disebabkan oleh musim hujan.
5.  Lakukan pengamanan terhadap rumah atau bangunan yang berada di sekitar wilayah aliran sungai.","Kurangi paparan abu vulkanik, hindari mengendarai mobil di daerah yang terkena hujan abu karena bisa merusak mesin kendaraan, bersihkan atap dari timbunan debu vulkanik karena beratnya bisa merobohkan/merusak atap rumah atau bangunan, serta waspadai wilayah aliran sungai yang berpotensi terlanda bahaya lahar pada musim hujan.",0.8333333333333334,,0.9999999999,0.5494490930865957
Apa bahaya abu vulkanik saat erupsi gunung api?,"[""• [Saat Bencana] mobil: Sebuah kendaraan bermotor yang digunakan untuk transportasi.\n• [Saat Bencana] mobil berkaitan dengan: wilayah banjir, pinggir jalan\n• [Pra Bencana] gunung salak: Gunung api yang berbatasan langsung dengan Kabupaten Bogor\n• [Pra Bencana] gunung salak berkaitan dengan: kabupaten bogor\n• [Pra Bencana] gunung gede: Gunung api yang berbatasan langsung dengan Kabupaten Bogor\n• [Pra Bencana] gunung gede berkaitan dengan: kabupaten bogor\n• [Pra Bencana] pusat vulkanologi dan mitigasi bencana geologi (pvmbg): Institusi teknis terkait dengan kegunungapian\n• [Pra Bencana] www.vsi.esdm.go.id: Laman yang menyediakan informasi terkait gunungapi\n• [Pra Bencana] magma indonesia: Produk aplikasi yang dikeluarkan oleh PVMBG\n• [Saat Bencana] awan panas: Aliran material vulkanik panas yang terdiri atas batuan berat, ringan (berongga) lava masif dan butiran klastik\n• [Saat Bencana] awan panas berkaitan dengan: lembah, aliran lava\n• [Saat Bencana] awan panas terkait dengan: eksplosi\n• [Saat Bencana] aliran lava: Magma yang meleleh ke permukaan bumi melalui rekahan\n• [Saat Bencana] aliran lava berkaitan dengan: perlindungan infrastruktur\n• [Saat Bencana] aliran lava terkait dengan: awan panas\n• [Saat Bencana] gas beracun: Gas vulkanik yang dapat mematikan seketika apabila terhirup dalam tubuh\n• [Saat Bencana] gas beracun berkaitan dengan: co2, so2, rn, h2s, hcl, hf, h2so4\n• [Saat Bencana] gas beracun terkait dengan: eksplosi\n• [Saat Bencana] lontaran material (pijar): Lontaran yang terjadi ketika letusan magmatic berlangsung, suhu mencapai 200°C dan diameter lebih dari 10 cm\n• [Saat Bencana] lontaran material (pijar) berkaitan dengan: wilayah sekitar gunungapi\n• [Saat Bencana] hujan abu: Material abu yang turun sebagai akibat erosi akibat letusan gunung api\n• [Saat Bencana] hujan abu berkaitan dengan: lingkungan\n• [Saat Bencana] lahar letusan: Banjir yang terbentuk akibat air bercampur material lepas dari gunung berapi\n• [Saat Bencana] lahar letusan berkaitan dengan: tingkat rawan bencana gunung api\n• [Pra Bencana] tingkat status (level) gunung api: Skala penilaian risiko untuk gunung api\n• [Pra Bencana] tingkat status (level) gunung api berkaitan dengan: awas, siaga, normal\n• [Saat Bencana] awas: Tingkatan dalam skala TINGKAT STATUS (LEVEL) GUNUNG API yang menunjukkan jelang letusan utama\n• [Saat Bencana] awas terkait dengan: tingkat status (level) gunung api\n• [Saat Bencana] siaga: Tingkatan dalam skala TINGKAT STATUS (LEVEL) GUNUNG API yang menunjukkan peningkatan nyata hasil pengamatan\n• [Saat Bencana] siaga terkait dengan: tingkat status (level) gunung api\n• [Saat Bencana] normal: Tingkatan dalam skala TINGKAT STATUS (LEVEL) GUNUNG API yang menunjukkan tidak memperlihatkan adanya kelainan\n• [Saat Bencana] normal terkait dengan: tingkat status (level) gunung api\n• [Pra Bencana] tingkat rawan bencana gunung api: Area yang berpotensi terkena dampak bencana terkait gunung api\n• [Pra Bencana] tingkat rawan bencana gunung api terkait dengan: lahar letusan\n• [Pra Bencana] krb iii: Kawasan Rawan Bencana dengan potensi dampak tertinggi\n• [Pra Bencana] krb iii berkaitan dengan: gunung berapi\n• [Pra Bencana] krb ii: Kawasan Rawan Bencana dengan potensi dampak sedang\n• [Pra Bencana] krb ii berkaitan dengan: gunung berapi\n• [Pra Bencana] krb i: Kawasan Rawan Bencana dengan potensi dampak rendah\n• [Pra Bencana] krb i berkaitan dengan: gunung berapi, aliran lahar, hujan abu lebat, lontaran batu (pijar), hujan lumpur panas\n• [Saat Bencana] aliran lahar: Aliran lumpur dan puing-puing vulkanik yang bergerak cepat di sepanjang lembah sungai.\n• [Saat Bencana] aliran lahar terkait dengan: krb i\n• [Saat Bencana] hujan abu lebat: Hujan yang disertai dengan partikel abu vulkanik yang cukup banyak.\n• [Saat Bencana] hujan abu lebat terkait dengan: krb i\n• [Saat Bencana] lontaran batu (pijar): Penyebaran batu panas atau 'pijar' akibat letusan gunungapi.\n• [Saat Bencana] lontaran batu (pijar) terkait dengan: krb i\n• [Saat Bencana] hujan lumpur panas: Campuran air dan material vulkanik yang mengalir dengan kecepatan tinggi.\n• [Saat Bencana] hujan lumpur panas terkait dengan: krb i\n• [Pra Bencana] pvmbg: Badan Vulkanologi dan Gemologi Indonesia, lembaga pemerintah yang bertanggung jawab atas penelitian dan pemantauan gunungapi.\n• [Pra Bencana] pvmbg berkaitan dengan: pemerintah, siapkan masker dan kacamata pelindung, brin, kementerian sosial\n• [Pra Bencana] pvmbg terkait dengan: bmkg""]","Berikut adalah bahaya abu vulkanik saat erupsi gunung api berdasarkan informasi yang ada:

1.  Hujan abu: Abu vulkanik turun sebagai akibat erosi.
2.  Hujan abu lebat: Hujan yang disertai partikel abu vulkanik yang cukup banyak.
3.  Lontaran batu (pijar): Penyebaran batu panas atau ‘pijar’ akibat letusan gunungapi.
4.  Hujan lumpur panas: Campuran air dan material vulkanik yang mengalir dengan kecepatan tinggi.
5.  Hujan abu berkaitan dengan: lingkungan","Hujan abu merupakan material halus yang bergerak sesuai arah angin dan termasuk salah satu bahaya erupsi. Dampaknya antara lain dapat merusak mesin kendaraan jika berkendara di daerah terkena hujan abu, dan bisa merobohkan/merusak atap rumah atau bangunan karena beratnya jika menumpuk.",0.6666666666666666,,0.9999999999,0.8303792428667429
Bagaimana cara mitigasi erupsi gunung api?,"['• [Pra Bencana] gunung salak: Gunung api yang berbatasan langsung dengan Kabupaten Bogor\n• [Pra Bencana] gunung salak berkaitan dengan: kabupaten bogor\n• [Pra Bencana] gunung gede: Gunung api yang berbatasan langsung dengan Kabupaten Bogor\n• [Pra Bencana] gunung gede berkaitan dengan: kabupaten bogor\n• [Pra Bencana] pusat vulkanologi dan mitigasi bencana geologi (pvmbg): Institusi teknis terkait dengan kegunungapian\n• [Pra Bencana] www.vsi.esdm.go.id: Laman yang menyediakan informasi terkait gunungapi\n• [Pra Bencana] magma indonesia: Produk aplikasi yang dikeluarkan oleh PVMBG\n• [Pra Bencana] tingkat status (level) gunung api: Skala penilaian risiko untuk gunung api\n• [Pra Bencana] tingkat status (level) gunung api berkaitan dengan: awas, siaga, normal\n• [Pra Bencana] tingkat rawan bencana gunung api: Area yang berpotensi terkena dampak bencana terkait gunung api\n• [Pra Bencana] tingkat rawan bencana gunung api terkait dengan: lahar letusan\n• [Pra Bencana] krb iii: Kawasan Rawan Bencana dengan potensi dampak tertinggi\n• [Pra Bencana] krb iii berkaitan dengan: gunung berapi\n• [Pra Bencana] krb ii: Kawasan Rawan Bencana dengan potensi dampak sedang\n• [Pra Bencana] krb ii berkaitan dengan: gunung berapi\n• [Pra Bencana] krb i: Kawasan Rawan Bencana dengan potensi dampak rendah\n• [Pra Bencana] krb i berkaitan dengan: gunung berapi, aliran lahar, hujan abu lebat, lontaran batu (pijar), hujan lumpur panas\n• [Pra Bencana] pvmbg: Badan Vulkanologi dan Gemologi Indonesia, lembaga pemerintah yang bertanggung jawab atas penelitian dan pemantauan gunungapi.\n• [Pra Bencana] pvmbg berkaitan dengan: pemerintah, siapkan masker dan kacamata pelindung, brin, kementerian sosial\n• [Pra Bencana] pvmbg terkait dengan: bmkg\n• [Pra Bencana] jalur evakuasi: Rute yang telah ditentukan untuk mengungsi dari daerah rawan bencana.\n• [Pra Bencana] jalur evakuasi terkait dengan: pihak berwenang\n• [Pra Bencana] shelter: Tempat berlindung sementara yang telah disiapkan untuk penampungan korban bencana.\n• [Pra Bencana] shelter terkait dengan: pihak berwenang\n• [Pra Bencana] dukungan logistik: Bantuan material dan kebutuhan dasar untuk korban bencana.\n• [Pra Bencana] dukungan logistik terkait dengan: korban\n• [Pra Bencana] kabupaten bogor terkait dengan: angin kencang, angin puting beliung, gunung salak\n• [Pra Bencana] gunung berapi terkait dengan: krb iii, krb ii, krb i']","1.  Kita perlu tahu bahwa Kabupaten Bogor berbatasan langsung dengan Gunung Salak dan Gunung Gede, yang keduanya adalah gunung api.
2.  Informasi penting tentang gunung api bisa didapatkan dari Badan Vulkanologi dan Gemologi Indonesia (PVMBG).
3.  PVMBG memiliki laman resmi di www.vsi.esdm.go.id yang menyediakan informasi terkini mengenai kondisi gunungapi.
4.  Perhatikan juga tingkat status (level) gunung api, yaitu awas, siaga, dan normal, sebagai skala penilaian risiko.
5.  Jangan lupa untuk menyiapkan masker dan kacamata pelindung jika ada potensi erupsi, sesuai saran dari PVMBG.
","Perhatikan arahan PVMBG dan perkembangan aktivitas gunungapi, siapkan masker dan kacamata pelindung untuk mengatasi debu vulkanik, ketahui jalur evakuasi dan shelter yang disiapkan pihak berwenang, siapkan skenario evakuasi cadangan, serta siapkan dukungan logistik seperti makanan siap saji, senter dan baterai cadangan, uang tunai, dan obat-obatan.",1.0,,0.9999999999,0.6004749536181474
Gunung berapi apa saja yang ada di sekitar Kabupaten Bogor?,"[""• [Saat Bencana] mobil: Sebuah kendaraan bermotor yang digunakan untuk transportasi.\n• [Saat Bencana] mobil berkaitan dengan: wilayah banjir, pinggir jalan\n• [Pra Bencana] gunung salak: Gunung api yang berbatasan langsung dengan Kabupaten Bogor\n• [Pra Bencana] gunung salak berkaitan dengan: kabupaten bogor\n• [Pra Bencana] gunung gede: Gunung api yang berbatasan langsung dengan Kabupaten Bogor\n• [Pra Bencana] gunung gede berkaitan dengan: kabupaten bogor\n• [Pra Bencana] pusat vulkanologi dan mitigasi bencana geologi (pvmbg): Institusi teknis terkait dengan kegunungapian\n• [Pra Bencana] www.vsi.esdm.go.id: Laman yang menyediakan informasi terkait gunungapi\n• [Pra Bencana] magma indonesia: Produk aplikasi yang dikeluarkan oleh PVMBG\n• [Saat Bencana] awan panas: Aliran material vulkanik panas yang terdiri atas batuan berat, ringan (berongga) lava masif dan butiran klastik\n• [Saat Bencana] awan panas berkaitan dengan: lembah, aliran lava\n• [Saat Bencana] awan panas terkait dengan: eksplosi\n• [Saat Bencana] aliran lava: Magma yang meleleh ke permukaan bumi melalui rekahan\n• [Saat Bencana] aliran lava berkaitan dengan: perlindungan infrastruktur\n• [Saat Bencana] aliran lava terkait dengan: awan panas\n• [Saat Bencana] gas beracun: Gas vulkanik yang dapat mematikan seketika apabila terhirup dalam tubuh\n• [Saat Bencana] gas beracun berkaitan dengan: co2, so2, rn, h2s, hcl, hf, h2so4\n• [Saat Bencana] gas beracun terkait dengan: eksplosi\n• [Saat Bencana] lontaran material (pijar): Lontaran yang terjadi ketika letusan magmatic berlangsung, suhu mencapai 200°C dan diameter lebih dari 10 cm\n• [Saat Bencana] lontaran material (pijar) berkaitan dengan: wilayah sekitar gunungapi\n• [Saat Bencana] hujan abu: Material abu yang turun sebagai akibat erosi akibat letusan gunung api\n• [Saat Bencana] hujan abu berkaitan dengan: lingkungan\n• [Saat Bencana] lahar letusan: Banjir yang terbentuk akibat air bercampur material lepas dari gunung berapi\n• [Saat Bencana] lahar letusan berkaitan dengan: tingkat rawan bencana gunung api\n• [Pra Bencana] tingkat status (level) gunung api: Skala penilaian risiko untuk gunung api\n• [Pra Bencana] tingkat status (level) gunung api berkaitan dengan: awas, siaga, normal\n• [Saat Bencana] awas: Tingkatan dalam skala TINGKAT STATUS (LEVEL) GUNUNG API yang menunjukkan jelang letusan utama\n• [Saat Bencana] awas terkait dengan: tingkat status (level) gunung api\n• [Saat Bencana] siaga: Tingkatan dalam skala TINGKAT STATUS (LEVEL) GUNUNG API yang menunjukkan peningkatan nyata hasil pengamatan\n• [Saat Bencana] siaga terkait dengan: tingkat status (level) gunung api\n• [Saat Bencana] normal: Tingkatan dalam skala TINGKAT STATUS (LEVEL) GUNUNG API yang menunjukkan tidak memperlihatkan adanya kelainan\n• [Saat Bencana] normal terkait dengan: tingkat status (level) gunung api\n• [Pra Bencana] tingkat rawan bencana gunung api: Area yang berpotensi terkena dampak bencana terkait gunung api\n• [Pra Bencana] tingkat rawan bencana gunung api terkait dengan: lahar letusan\n• [Pra Bencana] krb iii: Kawasan Rawan Bencana dengan potensi dampak tertinggi\n• [Pra Bencana] krb iii berkaitan dengan: gunung berapi\n• [Pra Bencana] krb ii: Kawasan Rawan Bencana dengan potensi dampak sedang\n• [Pra Bencana] krb ii berkaitan dengan: gunung berapi\n• [Pra Bencana] krb i: Kawasan Rawan Bencana dengan potensi dampak rendah\n• [Pra Bencana] krb i berkaitan dengan: gunung berapi, aliran lahar, hujan abu lebat, lontaran batu (pijar), hujan lumpur panas\n• [Saat Bencana] aliran lahar: Aliran lumpur dan puing-puing vulkanik yang bergerak cepat di sepanjang lembah sungai.\n• [Saat Bencana] aliran lahar terkait dengan: krb i\n• [Saat Bencana] hujan abu lebat: Hujan yang disertai dengan partikel abu vulkanik yang cukup banyak.\n• [Saat Bencana] hujan abu lebat terkait dengan: krb i\n• [Saat Bencana] lontaran batu (pijar): Penyebaran batu panas atau 'pijar' akibat letusan gunungapi.\n• [Saat Bencana] lontaran batu (pijar) terkait dengan: krb i\n• [Saat Bencana] hujan lumpur panas: Campuran air dan material vulkanik yang mengalir dengan kecepatan tinggi.\n• [Saat Bencana] hujan lumpur panas terkait dengan: krb i\n• [Pra Bencana] pvmbg: Badan Vulkanologi dan Gemologi Indonesia, lembaga pemerintah yang bertanggung jawab atas penelitian dan pemantauan gunungapi.\n• [Pra Bencana] pvmbg berkaitan dengan: pemerintah, siapkan masker dan kacamata pelindung, brin, kementerian sosial\n• [Pra Bencana] pvmbg terkait dengan: bmkg""]","**Pra Bencana:**
1. Gunung Salak
2. Gunung Gede

**Saat Bencana:**
1. Awan panas
2. Aliran lava
3. Gas beracun

**Pasca Bencana:**
1. Hujan abu
2. Aliran lahar
3. Hujan lumpur panas","Kabupaten Bogor memiliki wilayah yang berbatasan langsung dengan dua gunung api, yaitu Gunung Salak dan Gunung Gede.",1.0,,0.9999999999,0.47094576074857913
Apa itu status gunung berapi dan apa tingkatannya?,"[""• [Saat Bencana] mobil: Sebuah kendaraan bermotor yang digunakan untuk transportasi.\n• [Saat Bencana] mobil berkaitan dengan: wilayah banjir, pinggir jalan\n• [Pra Bencana] gunung salak: Gunung api yang berbatasan langsung dengan Kabupaten Bogor\n• [Pra Bencana] gunung salak berkaitan dengan: kabupaten bogor\n• [Pra Bencana] gunung gede: Gunung api yang berbatasan langsung dengan Kabupaten Bogor\n• [Pra Bencana] gunung gede berkaitan dengan: kabupaten bogor\n• [Pra Bencana] pusat vulkanologi dan mitigasi bencana geologi (pvmbg): Institusi teknis terkait dengan kegunungapian\n• [Pra Bencana] www.vsi.esdm.go.id: Laman yang menyediakan informasi terkait gunungapi\n• [Pra Bencana] magma indonesia: Produk aplikasi yang dikeluarkan oleh PVMBG\n• [Saat Bencana] awan panas: Aliran material vulkanik panas yang terdiri atas batuan berat, ringan (berongga) lava masif dan butiran klastik\n• [Saat Bencana] awan panas berkaitan dengan: lembah, aliran lava\n• [Saat Bencana] awan panas terkait dengan: eksplosi\n• [Saat Bencana] aliran lava: Magma yang meleleh ke permukaan bumi melalui rekahan\n• [Saat Bencana] aliran lava berkaitan dengan: perlindungan infrastruktur\n• [Saat Bencana] aliran lava terkait dengan: awan panas\n• [Saat Bencana] gas beracun: Gas vulkanik yang dapat mematikan seketika apabila terhirup dalam tubuh\n• [Saat Bencana] gas beracun berkaitan dengan: co2, so2, rn, h2s, hcl, hf, h2so4\n• [Saat Bencana] gas beracun terkait dengan: eksplosi\n• [Saat Bencana] lontaran material (pijar): Lontaran yang terjadi ketika letusan magmatic berlangsung, suhu mencapai 200°C dan diameter lebih dari 10 cm\n• [Saat Bencana] lontaran material (pijar) berkaitan dengan: wilayah sekitar gunungapi\n• [Saat Bencana] hujan abu: Material abu yang turun sebagai akibat erosi akibat letusan gunung api\n• [Saat Bencana] hujan abu berkaitan dengan: lingkungan\n• [Saat Bencana] lahar letusan: Banjir yang terbentuk akibat air bercampur material lepas dari gunung berapi\n• [Saat Bencana] lahar letusan berkaitan dengan: tingkat rawan bencana gunung api\n• [Pra Bencana] tingkat status (level) gunung api: Skala penilaian risiko untuk gunung api\n• [Pra Bencana] tingkat status (level) gunung api berkaitan dengan: awas, siaga, normal\n• [Saat Bencana] awas: Tingkatan dalam skala TINGKAT STATUS (LEVEL) GUNUNG API yang menunjukkan jelang letusan utama\n• [Saat Bencana] awas terkait dengan: tingkat status (level) gunung api\n• [Saat Bencana] siaga: Tingkatan dalam skala TINGKAT STATUS (LEVEL) GUNUNG API yang menunjukkan peningkatan nyata hasil pengamatan\n• [Saat Bencana] siaga terkait dengan: tingkat status (level) gunung api\n• [Saat Bencana] normal: Tingkatan dalam skala TINGKAT STATUS (LEVEL) GUNUNG API yang menunjukkan tidak memperlihatkan adanya kelainan\n• [Saat Bencana] normal terkait dengan: tingkat status (level) gunung api\n• [Pra Bencana] tingkat rawan bencana gunung api: Area yang berpotensi terkena dampak bencana terkait gunung api\n• [Pra Bencana] tingkat rawan bencana gunung api terkait dengan: lahar letusan\n• [Pra Bencana] krb iii: Kawasan Rawan Bencana dengan potensi dampak tertinggi\n• [Pra Bencana] krb iii berkaitan dengan: gunung berapi\n• [Pra Bencana] krb ii: Kawasan Rawan Bencana dengan potensi dampak sedang\n• [Pra Bencana] krb ii berkaitan dengan: gunung berapi\n• [Pra Bencana] krb i: Kawasan Rawan Bencana dengan potensi dampak rendah\n• [Pra Bencana] krb i berkaitan dengan: gunung berapi, aliran lahar, hujan abu lebat, lontaran batu (pijar), hujan lumpur panas\n• [Saat Bencana] aliran lahar: Aliran lumpur dan puing-puing vulkanik yang bergerak cepat di sepanjang lembah sungai.\n• [Saat Bencana] aliran lahar terkait dengan: krb i\n• [Saat Bencana] hujan abu lebat: Hujan yang disertai dengan partikel abu vulkanik yang cukup banyak.\n• [Saat Bencana] hujan abu lebat terkait dengan: krb i\n• [Saat Bencana] lontaran batu (pijar): Penyebaran batu panas atau 'pijar' akibat letusan gunungapi.\n• [Saat Bencana] lontaran batu (pijar) terkait dengan: krb i\n• [Saat Bencana] hujan lumpur panas: Campuran air dan material vulkanik yang mengalir dengan kecepatan tinggi.\n• [Saat Bencana] hujan lumpur panas terkait dengan: krb i\n• [Pra Bencana] pvmbg: Badan Vulkanologi dan Gemologi Indonesia, lembaga pemerintah yang bertanggung jawab atas penelitian dan pemantauan gunungapi.\n• [Pra Bencana] pvmbg berkaitan dengan: pemerintah, siapkan masker dan kacamata pelindung, brin, kementerian sosial\n• [Pra Bencana] pvmbg terkait dengan: bmkg""]","Status gunung api adalah skala penilaian risiko yang digunakan untuk menunjukkan potensi letusan gunung api. Skala ini memiliki tiga tingkatan, yaitu: normal, siaga, dan awas. Tingkat normal berarti gunung api tidak menunjukkan kelainan, siaga menunjukkan peningkatan nyata hasil pengamatan, dan awas menunjukkan jelang letusan utama. Penting untuk selalu memantau informasi dari PVMBG atau Badan Meteorologi, Klimatologi, dan Geofisika (BMKG) terkait status gunung api.","Status gunung api memiliki 4 tingkatan: Normal (Level I, tidak ada kelainan aktivitas), Waspada (Level II, ada kelainan visual/kawah/kegempaan), Siaga (Level III, peningkatan nyata yang cenderung diikuti letusan), dan Awas (Level IV, menjelang letusan utama, sudah mulai terjadi letusan awal berupa abu/asap).",1.0,,0.9999999999,0.6320432946541915
Apa tanda-tanda gunung berapi akan meletus?,"[""• [Saat Bencana] mobil: Sebuah kendaraan bermotor yang digunakan untuk transportasi.\n• [Saat Bencana] mobil berkaitan dengan: wilayah banjir, pinggir jalan\n• [Pra Bencana] gunung salak: Gunung api yang berbatasan langsung dengan Kabupaten Bogor\n• [Pra Bencana] gunung salak berkaitan dengan: kabupaten bogor\n• [Pra Bencana] gunung gede: Gunung api yang berbatasan langsung dengan Kabupaten Bogor\n• [Pra Bencana] gunung gede berkaitan dengan: kabupaten bogor\n• [Pra Bencana] pusat vulkanologi dan mitigasi bencana geologi (pvmbg): Institusi teknis terkait dengan kegunungapian\n• [Pra Bencana] www.vsi.esdm.go.id: Laman yang menyediakan informasi terkait gunungapi\n• [Pra Bencana] magma indonesia: Produk aplikasi yang dikeluarkan oleh PVMBG\n• [Saat Bencana] awan panas: Aliran material vulkanik panas yang terdiri atas batuan berat, ringan (berongga) lava masif dan butiran klastik\n• [Saat Bencana] awan panas berkaitan dengan: lembah, aliran lava\n• [Saat Bencana] awan panas terkait dengan: eksplosi\n• [Saat Bencana] aliran lava: Magma yang meleleh ke permukaan bumi melalui rekahan\n• [Saat Bencana] aliran lava berkaitan dengan: perlindungan infrastruktur\n• [Saat Bencana] aliran lava terkait dengan: awan panas\n• [Saat Bencana] gas beracun: Gas vulkanik yang dapat mematikan seketika apabila terhirup dalam tubuh\n• [Saat Bencana] gas beracun berkaitan dengan: co2, so2, rn, h2s, hcl, hf, h2so4\n• [Saat Bencana] gas beracun terkait dengan: eksplosi\n• [Saat Bencana] lontaran material (pijar): Lontaran yang terjadi ketika letusan magmatic berlangsung, suhu mencapai 200°C dan diameter lebih dari 10 cm\n• [Saat Bencana] lontaran material (pijar) berkaitan dengan: wilayah sekitar gunungapi\n• [Saat Bencana] hujan abu: Material abu yang turun sebagai akibat erosi akibat letusan gunung api\n• [Saat Bencana] hujan abu berkaitan dengan: lingkungan\n• [Saat Bencana] lahar letusan: Banjir yang terbentuk akibat air bercampur material lepas dari gunung berapi\n• [Saat Bencana] lahar letusan berkaitan dengan: tingkat rawan bencana gunung api\n• [Pra Bencana] tingkat status (level) gunung api: Skala penilaian risiko untuk gunung api\n• [Pra Bencana] tingkat status (level) gunung api berkaitan dengan: awas, siaga, normal\n• [Saat Bencana] awas: Tingkatan dalam skala TINGKAT STATUS (LEVEL) GUNUNG API yang menunjukkan jelang letusan utama\n• [Saat Bencana] awas terkait dengan: tingkat status (level) gunung api\n• [Saat Bencana] siaga: Tingkatan dalam skala TINGKAT STATUS (LEVEL) GUNUNG API yang menunjukkan peningkatan nyata hasil pengamatan\n• [Saat Bencana] siaga terkait dengan: tingkat status (level) gunung api\n• [Saat Bencana] normal: Tingkatan dalam skala TINGKAT STATUS (LEVEL) GUNUNG API yang menunjukkan tidak memperlihatkan adanya kelainan\n• [Saat Bencana] normal terkait dengan: tingkat status (level) gunung api\n• [Pra Bencana] tingkat rawan bencana gunung api: Area yang berpotensi terkena dampak bencana terkait gunung api\n• [Pra Bencana] tingkat rawan bencana gunung api terkait dengan: lahar letusan\n• [Pra Bencana] krb iii: Kawasan Rawan Bencana dengan potensi dampak tertinggi\n• [Pra Bencana] krb iii berkaitan dengan: gunung berapi\n• [Pra Bencana] krb ii: Kawasan Rawan Bencana dengan potensi dampak sedang\n• [Pra Bencana] krb ii berkaitan dengan: gunung berapi\n• [Pra Bencana] krb i: Kawasan Rawan Bencana dengan potensi dampak rendah\n• [Pra Bencana] krb i berkaitan dengan: gunung berapi, aliran lahar, hujan abu lebat, lontaran batu (pijar), hujan lumpur panas\n• [Saat Bencana] aliran lahar: Aliran lumpur dan puing-puing vulkanik yang bergerak cepat di sepanjang lembah sungai.\n• [Saat Bencana] aliran lahar terkait dengan: krb i\n• [Saat Bencana] hujan abu lebat: Hujan yang disertai dengan partikel abu vulkanik yang cukup banyak.\n• [Saat Bencana] hujan abu lebat terkait dengan: krb i\n• [Saat Bencana] lontaran batu (pijar): Penyebaran batu panas atau 'pijar' akibat letusan gunungapi.\n• [Saat Bencana] lontaran batu (pijar) terkait dengan: krb i\n• [Saat Bencana] hujan lumpur panas: Campuran air dan material vulkanik yang mengalir dengan kecepatan tinggi.\n• [Saat Bencana] hujan lumpur panas terkait dengan: krb i\n• [Pra Bencana] pvmbg: Badan Vulkanologi dan Gemologi Indonesia, lembaga pemerintah yang bertanggung jawab atas penelitian dan pemantauan gunungapi.\n• [Pra Bencana] pvmbg berkaitan dengan: pemerintah, siapkan masker dan kacamata pelindung, brin, kementerian sosial\n• [Pra Bencana] pvmbg terkait dengan: bmkg""]","**Pra Bencana:**
1. Gunung Salak dan Gunung Gede berkaitan dengan kabupaten Bogor.
2. Tingkat status (level) gunung api bisa berupa awas, siaga, atau normal.
3. Badan Vulkanologi dan Gemologi Indonesia (PVMBG) bertanggung jawab atas penelitian dan pemantauan gunungapi.

**Saat Bencana:**
1. Terdapat awan panas yang bergerak di lembah dan aliran lava.
2. Terjadi lontaran material (pijar) yang menyebar di wilayah sekitar gunungapi.
3. Aliran lahar terjadi, yaitu aliran lumpur dan puing-puing vulkanik yang bergerak cepat di sepanjang lembah sungai.

**Pasca Bencana:**
Informasi tidak tersedia.","Dokumen tidak menyebutkan tanda-tanda spesifik secara terpisah, namun tingkat status Waspada (kelainan visual/kawah/kegempaan) dan Siaga (peningkatan nyata yang cenderung diikuti letusan) mengindikasikan peningkatan aktivitas menuju letusan.",0.8571428571428571,,0.9999999999,0.44461234683758594
Bagaimana cara mempersiapkan diri jika tinggal dekat gunung berapi?,"[""• [Saat Bencana] mobil: Sebuah kendaraan bermotor yang digunakan untuk transportasi.\n• [Saat Bencana] mobil berkaitan dengan: wilayah banjir, pinggir jalan\n• [Pra Bencana] gunung salak: Gunung api yang berbatasan langsung dengan Kabupaten Bogor\n• [Pra Bencana] gunung salak berkaitan dengan: kabupaten bogor\n• [Pra Bencana] gunung gede: Gunung api yang berbatasan langsung dengan Kabupaten Bogor\n• [Pra Bencana] gunung gede berkaitan dengan: kabupaten bogor\n• [Pra Bencana] pusat vulkanologi dan mitigasi bencana geologi (pvmbg): Institusi teknis terkait dengan kegunungapian\n• [Pra Bencana] www.vsi.esdm.go.id: Laman yang menyediakan informasi terkait gunungapi\n• [Pra Bencana] magma indonesia: Produk aplikasi yang dikeluarkan oleh PVMBG\n• [Saat Bencana] awan panas: Aliran material vulkanik panas yang terdiri atas batuan berat, ringan (berongga) lava masif dan butiran klastik\n• [Saat Bencana] awan panas berkaitan dengan: lembah, aliran lava\n• [Saat Bencana] awan panas terkait dengan: eksplosi\n• [Saat Bencana] aliran lava: Magma yang meleleh ke permukaan bumi melalui rekahan\n• [Saat Bencana] aliran lava berkaitan dengan: perlindungan infrastruktur\n• [Saat Bencana] aliran lava terkait dengan: awan panas\n• [Saat Bencana] gas beracun: Gas vulkanik yang dapat mematikan seketika apabila terhirup dalam tubuh\n• [Saat Bencana] gas beracun berkaitan dengan: co2, so2, rn, h2s, hcl, hf, h2so4\n• [Saat Bencana] gas beracun terkait dengan: eksplosi\n• [Saat Bencana] lontaran material (pijar): Lontaran yang terjadi ketika letusan magmatic berlangsung, suhu mencapai 200°C dan diameter lebih dari 10 cm\n• [Saat Bencana] lontaran material (pijar) berkaitan dengan: wilayah sekitar gunungapi\n• [Saat Bencana] hujan abu: Material abu yang turun sebagai akibat erosi akibat letusan gunung api\n• [Saat Bencana] hujan abu berkaitan dengan: lingkungan\n• [Saat Bencana] lahar letusan: Banjir yang terbentuk akibat air bercampur material lepas dari gunung berapi\n• [Saat Bencana] lahar letusan berkaitan dengan: tingkat rawan bencana gunung api\n• [Pra Bencana] tingkat status (level) gunung api: Skala penilaian risiko untuk gunung api\n• [Pra Bencana] tingkat status (level) gunung api berkaitan dengan: awas, siaga, normal\n• [Saat Bencana] awas: Tingkatan dalam skala TINGKAT STATUS (LEVEL) GUNUNG API yang menunjukkan jelang letusan utama\n• [Saat Bencana] awas terkait dengan: tingkat status (level) gunung api\n• [Saat Bencana] siaga: Tingkatan dalam skala TINGKAT STATUS (LEVEL) GUNUNG API yang menunjukkan peningkatan nyata hasil pengamatan\n• [Saat Bencana] siaga terkait dengan: tingkat status (level) gunung api\n• [Saat Bencana] normal: Tingkatan dalam skala TINGKAT STATUS (LEVEL) GUNUNG API yang menunjukkan tidak memperlihatkan adanya kelainan\n• [Saat Bencana] normal terkait dengan: tingkat status (level) gunung api\n• [Pra Bencana] tingkat rawan bencana gunung api: Area yang berpotensi terkena dampak bencana terkait gunung api\n• [Pra Bencana] tingkat rawan bencana gunung api terkait dengan: lahar letusan\n• [Pra Bencana] krb iii: Kawasan Rawan Bencana dengan potensi dampak tertinggi\n• [Pra Bencana] krb iii berkaitan dengan: gunung berapi\n• [Pra Bencana] krb ii: Kawasan Rawan Bencana dengan potensi dampak sedang\n• [Pra Bencana] krb ii berkaitan dengan: gunung berapi\n• [Pra Bencana] krb i: Kawasan Rawan Bencana dengan potensi dampak rendah\n• [Pra Bencana] krb i berkaitan dengan: gunung berapi, aliran lahar, hujan abu lebat, lontaran batu (pijar), hujan lumpur panas\n• [Saat Bencana] aliran lahar: Aliran lumpur dan puing-puing vulkanik yang bergerak cepat di sepanjang lembah sungai.\n• [Saat Bencana] aliran lahar terkait dengan: krb i\n• [Saat Bencana] hujan abu lebat: Hujan yang disertai dengan partikel abu vulkanik yang cukup banyak.\n• [Saat Bencana] hujan abu lebat terkait dengan: krb i\n• [Saat Bencana] lontaran batu (pijar): Penyebaran batu panas atau 'pijar' akibat letusan gunungapi.\n• [Saat Bencana] lontaran batu (pijar) terkait dengan: krb i\n• [Saat Bencana] hujan lumpur panas: Campuran air dan material vulkanik yang mengalir dengan kecepatan tinggi.\n• [Saat Bencana] hujan lumpur panas terkait dengan: krb i\n• [Pra Bencana] pvmbg: Badan Vulkanologi dan Gemologi Indonesia, lembaga pemerintah yang bertanggung jawab atas penelitian dan pemantauan gunungapi.\n• [Pra Bencana] pvmbg berkaitan dengan: pemerintah, siapkan masker dan kacamata pelindung, brin, kementerian sosial\n• [Pra Bencana] pvmbg terkait dengan: bmkg""]","**Pra Bencana:**

1.  Siapkan masker dan kacamata pelindung.
2.  Pantau informasi dari Badan Vulkanologi dan Gemologi Indonesia (PVMBG) melalui website www.vsi.esdm.go.id.
3.  Kenali wilayah Kawasan Rawan Bencana (KRB) III, KRB II, dan KRB I di sekitar tempat tinggal Anda.

**Saat Bencana:**

1.  Segera menjauhi wilayah yang berpotensi terkena dampak, seperti lembah dan aliran lava.
2.  Lindungi diri dari gas beracun, lontaran material (pijar), hujan abu lebat, aliran lahar, dan hujan lumpur panas.

**Pasca Bencana:**

1.  Ikuti instruksi dari petugas BPBD Kabupaten Bogor dan PVMBG.
2.  Hentikan aktivitas di wilayah yang terpengaruh hujan abu lebat.
","Perhatikan arahan PVMBG dan perkembangan aktivitas gunungapi, siapkan masker dan kacamata pelindung, ketahui jalur evakuasi dan shelter, siapkan skenario evakuasi cadangan jika dampak meluas di luar prediksi, dan siapkan dukungan logistik (makanan siap saji, senter, baterai cadangan, uang tunai, obat-obatan).",1.0,,0.9999999999,0.7457976260586928
Apa yang harus dilakukan saat gunung berapi meletus?,"[""• [Saat Bencana] mobil: Sebuah kendaraan bermotor yang digunakan untuk transportasi.\n• [Saat Bencana] mobil berkaitan dengan: wilayah banjir, pinggir jalan\n• [Saat Bencana] awan panas: Aliran material vulkanik panas yang terdiri atas batuan berat, ringan (berongga) lava masif dan butiran klastik\n• [Saat Bencana] awan panas berkaitan dengan: lembah, aliran lava\n• [Saat Bencana] awan panas terkait dengan: eksplosi\n• [Saat Bencana] aliran lava: Magma yang meleleh ke permukaan bumi melalui rekahan\n• [Saat Bencana] aliran lava berkaitan dengan: perlindungan infrastruktur\n• [Saat Bencana] aliran lava terkait dengan: awan panas\n• [Saat Bencana] gas beracun: Gas vulkanik yang dapat mematikan seketika apabila terhirup dalam tubuh\n• [Saat Bencana] gas beracun berkaitan dengan: co2, so2, rn, h2s, hcl, hf, h2so4\n• [Saat Bencana] gas beracun terkait dengan: eksplosi\n• [Saat Bencana] lontaran material (pijar): Lontaran yang terjadi ketika letusan magmatic berlangsung, suhu mencapai 200°C dan diameter lebih dari 10 cm\n• [Saat Bencana] lontaran material (pijar) berkaitan dengan: wilayah sekitar gunungapi\n• [Saat Bencana] hujan abu: Material abu yang turun sebagai akibat erosi akibat letusan gunung api\n• [Saat Bencana] hujan abu berkaitan dengan: lingkungan\n• [Saat Bencana] lahar letusan: Banjir yang terbentuk akibat air bercampur material lepas dari gunung berapi\n• [Saat Bencana] lahar letusan berkaitan dengan: tingkat rawan bencana gunung api\n• [Saat Bencana] awas: Tingkatan dalam skala TINGKAT STATUS (LEVEL) GUNUNG API yang menunjukkan jelang letusan utama\n• [Saat Bencana] awas terkait dengan: tingkat status (level) gunung api\n• [Saat Bencana] siaga: Tingkatan dalam skala TINGKAT STATUS (LEVEL) GUNUNG API yang menunjukkan peningkatan nyata hasil pengamatan\n• [Saat Bencana] siaga terkait dengan: tingkat status (level) gunung api\n• [Saat Bencana] normal: Tingkatan dalam skala TINGKAT STATUS (LEVEL) GUNUNG API yang menunjukkan tidak memperlihatkan adanya kelainan\n• [Saat Bencana] normal terkait dengan: tingkat status (level) gunung api\n• [Saat Bencana] aliran lahar: Aliran lumpur dan puing-puing vulkanik yang bergerak cepat di sepanjang lembah sungai.\n• [Saat Bencana] aliran lahar terkait dengan: krb i\n• [Saat Bencana] hujan abu lebat: Hujan yang disertai dengan partikel abu vulkanik yang cukup banyak.\n• [Saat Bencana] hujan abu lebat terkait dengan: krb i\n• [Saat Bencana] lontaran batu (pijar): Penyebaran batu panas atau 'pijar' akibat letusan gunungapi.\n• [Saat Bencana] lontaran batu (pijar) terkait dengan: krb i\n• [Saat Bencana] hujan lumpur panas: Campuran air dan material vulkanik yang mengalir dengan kecepatan tinggi.\n• [Saat Bencana] hujan lumpur panas terkait dengan: krb i\n• [Saat Bencana] masker: Perlindungan pernapasan dari debu vulkanik.\n• [Saat Bencana] kacamata pelindung: Perlindungan mata dari partikel abu vulkanik.\n• [Saat Bencana] abu vulkanik: Partikel padat yang dihasilkan oleh letusan gunungapi.\n• [Saat Bencana] abu vulkanik berkaitan dengan: atap rumah atau bangunan, mengendarai mobil""]","1.  Lindungi diri Anda dari awan panas. Awan panas itu aliran material vulkanik panas yang berbahaya.
2.  Waspadalah terhadap gas beracun. Gas vulkanik bisa sangat berbahaya jika terhirup.
3.  Jika ada lontaran material (pijar), segera menjauh dari wilayah sekitar gunungapi.
4.  Gunakan masker dan kacamata pelindung untuk melindungi pernapasan dan mata dari abu vulkanik.
5.  Jika ada aliran lava atau lahar, segera menjauh dan waspadai potensi bahaya yang ditimbulkannya.
","Tidak berada di lokasi yang direkomendasikan untuk dikosongkan, tidak berada di lembah atau daerah aliran sungai, hindari tempat terbuka dan lindungi diri dari abu letusan, gunakan kacamata pelindung (jangan memakai lensa kontak), gunakan masker atau kain basah untuk menutup mulut dan hidung, serta kenakan pakaian tertutup seperti baju lengan panjang, celana panjang, dan topi.",1.0,,0.9999999999,0.7787714078231894
Apa yang harus dilakukan saat terjadi hujan abu vulkanik?,"[""• [Saat Bencana] mobil: Sebuah kendaraan bermotor yang digunakan untuk transportasi.\n• [Saat Bencana] mobil berkaitan dengan: wilayah banjir, pinggir jalan\n• [Saat Bencana] awan panas: Aliran material vulkanik panas yang terdiri atas batuan berat, ringan (berongga) lava masif dan butiran klastik\n• [Saat Bencana] awan panas berkaitan dengan: lembah, aliran lava\n• [Saat Bencana] awan panas terkait dengan: eksplosi\n• [Saat Bencana] aliran lava: Magma yang meleleh ke permukaan bumi melalui rekahan\n• [Saat Bencana] aliran lava berkaitan dengan: perlindungan infrastruktur\n• [Saat Bencana] aliran lava terkait dengan: awan panas\n• [Saat Bencana] gas beracun: Gas vulkanik yang dapat mematikan seketika apabila terhirup dalam tubuh\n• [Saat Bencana] gas beracun berkaitan dengan: co2, so2, rn, h2s, hcl, hf, h2so4\n• [Saat Bencana] gas beracun terkait dengan: eksplosi\n• [Saat Bencana] lontaran material (pijar): Lontaran yang terjadi ketika letusan magmatic berlangsung, suhu mencapai 200°C dan diameter lebih dari 10 cm\n• [Saat Bencana] lontaran material (pijar) berkaitan dengan: wilayah sekitar gunungapi\n• [Saat Bencana] hujan abu: Material abu yang turun sebagai akibat erosi akibat letusan gunung api\n• [Saat Bencana] hujan abu berkaitan dengan: lingkungan\n• [Saat Bencana] lahar letusan: Banjir yang terbentuk akibat air bercampur material lepas dari gunung berapi\n• [Saat Bencana] lahar letusan berkaitan dengan: tingkat rawan bencana gunung api\n• [Saat Bencana] awas: Tingkatan dalam skala TINGKAT STATUS (LEVEL) GUNUNG API yang menunjukkan jelang letusan utama\n• [Saat Bencana] awas terkait dengan: tingkat status (level) gunung api\n• [Saat Bencana] siaga: Tingkatan dalam skala TINGKAT STATUS (LEVEL) GUNUNG API yang menunjukkan peningkatan nyata hasil pengamatan\n• [Saat Bencana] siaga terkait dengan: tingkat status (level) gunung api\n• [Saat Bencana] normal: Tingkatan dalam skala TINGKAT STATUS (LEVEL) GUNUNG API yang menunjukkan tidak memperlihatkan adanya kelainan\n• [Saat Bencana] normal terkait dengan: tingkat status (level) gunung api\n• [Saat Bencana] aliran lahar: Aliran lumpur dan puing-puing vulkanik yang bergerak cepat di sepanjang lembah sungai.\n• [Saat Bencana] aliran lahar terkait dengan: krb i\n• [Saat Bencana] hujan abu lebat: Hujan yang disertai dengan partikel abu vulkanik yang cukup banyak.\n• [Saat Bencana] hujan abu lebat terkait dengan: krb i\n• [Saat Bencana] lontaran batu (pijar): Penyebaran batu panas atau 'pijar' akibat letusan gunungapi.\n• [Saat Bencana] lontaran batu (pijar) terkait dengan: krb i\n• [Saat Bencana] hujan lumpur panas: Campuran air dan material vulkanik yang mengalir dengan kecepatan tinggi.\n• [Saat Bencana] hujan lumpur panas terkait dengan: krb i\n• [Saat Bencana] masker: Perlindungan pernapasan dari debu vulkanik.\n• [Saat Bencana] kacamata pelindung: Perlindungan mata dari partikel abu vulkanik.\n• [Saat Bencana] abu vulkanik: Partikel padat yang dihasilkan oleh letusan gunungapi.\n• [Saat Bencana] abu vulkanik berkaitan dengan: atap rumah atau bangunan, mengendarai mobil""]","1.  Gunakan masker untuk melindungi pernapasan dari debu vulkanik.
2.  Kenakan kacamata pelindung untuk melindungi mata dari partikel abu vulkanik.
3.  Lindungi atap rumah atau bangunan dari abu vulkanik.
4.  Jika mengendarai mobil, berhati-hatilah karena abu vulkanik dapat mengganggu penglihatan dan merusak mesin.
5.  Hentikan sementara aktivitas di luar ruangan dan cari tempat yang lebih aman.","Gunakan kacamata pelindung dan masker atau kain basah untuk menutup mulut dan hidung, kenakan pakaian tertutup, hindari tempat terbuka, dan lindungi diri dari abu letusan gunung api.",1.0,,0.9999999999,0.6903496286615859
Bagaimana cara melindungi pernapasan dari abu vulkanik?,"[""• [Saat Bencana] mobil: Sebuah kendaraan bermotor yang digunakan untuk transportasi.\n• [Saat Bencana] mobil berkaitan dengan: wilayah banjir, pinggir jalan\n• [Pra Bencana] gunung salak: Gunung api yang berbatasan langsung dengan Kabupaten Bogor\n• [Pra Bencana] gunung salak berkaitan dengan: kabupaten bogor\n• [Pra Bencana] gunung gede: Gunung api yang berbatasan langsung dengan Kabupaten Bogor\n• [Pra Bencana] gunung gede berkaitan dengan: kabupaten bogor\n• [Pra Bencana] pusat vulkanologi dan mitigasi bencana geologi (pvmbg): Institusi teknis terkait dengan kegunungapian\n• [Pra Bencana] www.vsi.esdm.go.id: Laman yang menyediakan informasi terkait gunungapi\n• [Pra Bencana] magma indonesia: Produk aplikasi yang dikeluarkan oleh PVMBG\n• [Saat Bencana] awan panas: Aliran material vulkanik panas yang terdiri atas batuan berat, ringan (berongga) lava masif dan butiran klastik\n• [Saat Bencana] awan panas berkaitan dengan: lembah, aliran lava\n• [Saat Bencana] awan panas terkait dengan: eksplosi\n• [Saat Bencana] aliran lava: Magma yang meleleh ke permukaan bumi melalui rekahan\n• [Saat Bencana] aliran lava berkaitan dengan: perlindungan infrastruktur\n• [Saat Bencana] aliran lava terkait dengan: awan panas\n• [Saat Bencana] gas beracun: Gas vulkanik yang dapat mematikan seketika apabila terhirup dalam tubuh\n• [Saat Bencana] gas beracun berkaitan dengan: co2, so2, rn, h2s, hcl, hf, h2so4\n• [Saat Bencana] gas beracun terkait dengan: eksplosi\n• [Saat Bencana] lontaran material (pijar): Lontaran yang terjadi ketika letusan magmatic berlangsung, suhu mencapai 200°C dan diameter lebih dari 10 cm\n• [Saat Bencana] lontaran material (pijar) berkaitan dengan: wilayah sekitar gunungapi\n• [Saat Bencana] hujan abu: Material abu yang turun sebagai akibat erosi akibat letusan gunung api\n• [Saat Bencana] hujan abu berkaitan dengan: lingkungan\n• [Saat Bencana] lahar letusan: Banjir yang terbentuk akibat air bercampur material lepas dari gunung berapi\n• [Saat Bencana] lahar letusan berkaitan dengan: tingkat rawan bencana gunung api\n• [Pra Bencana] tingkat status (level) gunung api: Skala penilaian risiko untuk gunung api\n• [Pra Bencana] tingkat status (level) gunung api berkaitan dengan: awas, siaga, normal\n• [Saat Bencana] awas: Tingkatan dalam skala TINGKAT STATUS (LEVEL) GUNUNG API yang menunjukkan jelang letusan utama\n• [Saat Bencana] awas terkait dengan: tingkat status (level) gunung api\n• [Saat Bencana] siaga: Tingkatan dalam skala TINGKAT STATUS (LEVEL) GUNUNG API yang menunjukkan peningkatan nyata hasil pengamatan\n• [Saat Bencana] siaga terkait dengan: tingkat status (level) gunung api\n• [Saat Bencana] normal: Tingkatan dalam skala TINGKAT STATUS (LEVEL) GUNUNG API yang menunjukkan tidak memperlihatkan adanya kelainan\n• [Saat Bencana] normal terkait dengan: tingkat status (level) gunung api\n• [Pra Bencana] tingkat rawan bencana gunung api: Area yang berpotensi terkena dampak bencana terkait gunung api\n• [Pra Bencana] tingkat rawan bencana gunung api terkait dengan: lahar letusan\n• [Pra Bencana] krb iii: Kawasan Rawan Bencana dengan potensi dampak tertinggi\n• [Pra Bencana] krb iii berkaitan dengan: gunung berapi\n• [Pra Bencana] krb ii: Kawasan Rawan Bencana dengan potensi dampak sedang\n• [Pra Bencana] krb ii berkaitan dengan: gunung berapi\n• [Pra Bencana] krb i: Kawasan Rawan Bencana dengan potensi dampak rendah\n• [Pra Bencana] krb i berkaitan dengan: gunung berapi, aliran lahar, hujan abu lebat, lontaran batu (pijar), hujan lumpur panas\n• [Saat Bencana] aliran lahar: Aliran lumpur dan puing-puing vulkanik yang bergerak cepat di sepanjang lembah sungai.\n• [Saat Bencana] aliran lahar terkait dengan: krb i\n• [Saat Bencana] hujan abu lebat: Hujan yang disertai dengan partikel abu vulkanik yang cukup banyak.\n• [Saat Bencana] hujan abu lebat terkait dengan: krb i\n• [Saat Bencana] lontaran batu (pijar): Penyebaran batu panas atau 'pijar' akibat letusan gunungapi.\n• [Saat Bencana] lontaran batu (pijar) terkait dengan: krb i\n• [Saat Bencana] hujan lumpur panas: Campuran air dan material vulkanik yang mengalir dengan kecepatan tinggi.\n• [Saat Bencana] hujan lumpur panas terkait dengan: krb i\n• [Pra Bencana] pvmbg: Badan Vulkanologi dan Gemologi Indonesia, lembaga pemerintah yang bertanggung jawab atas penelitian dan pemantauan gunungapi.\n• [Pra Bencana] pvmbg berkaitan dengan: pemerintah, siapkan masker dan kacamata pelindung, brin, kementerian sosial\n• [Pra Bencana] pvmbg terkait dengan: bmkg""]","**Pra Bencana:**
1. Siapkan masker dan kacamata pelindung.
2. Ikuti informasi dari Badan Vulkanologi dan Gemologi Indonesia (PVMBG).
3. Pantau informasi melalui www.vsi.esdm.go.id atau aplikasi Magma Indonesia.

**Saat Bencana:**
1. Gunakan masker untuk melindungi saluran pernapasan.
2. Pakai kacamata pelindung untuk mencegah abu masuk ke mata.

**Pasca Bencana:**
1.  Lanjutkan penggunaan masker dan kacamata pelindung untuk mencegah iritasi pernapasan dan mata.
","Siapkan masker dan kacamata pelindung sejak pra bencana. Saat terjadi hujan abu, gunakan masker atau kain basah untuk menutup mulut dan hidung guna melindungi pernapasan.",1.0,,0.9999999999,0.6539041564495115
Apakah abu vulkanik berbahaya bagi kesehatan?,"[""• [Saat Bencana] mobil: Sebuah kendaraan bermotor yang digunakan untuk transportasi.\n• [Saat Bencana] mobil berkaitan dengan: wilayah banjir, pinggir jalan\n• [Pra Bencana] gunung salak: Gunung api yang berbatasan langsung dengan Kabupaten Bogor\n• [Pra Bencana] gunung salak berkaitan dengan: kabupaten bogor\n• [Pra Bencana] gunung gede: Gunung api yang berbatasan langsung dengan Kabupaten Bogor\n• [Pra Bencana] gunung gede berkaitan dengan: kabupaten bogor\n• [Pra Bencana] pusat vulkanologi dan mitigasi bencana geologi (pvmbg): Institusi teknis terkait dengan kegunungapian\n• [Pra Bencana] www.vsi.esdm.go.id: Laman yang menyediakan informasi terkait gunungapi\n• [Pra Bencana] magma indonesia: Produk aplikasi yang dikeluarkan oleh PVMBG\n• [Saat Bencana] awan panas: Aliran material vulkanik panas yang terdiri atas batuan berat, ringan (berongga) lava masif dan butiran klastik\n• [Saat Bencana] awan panas berkaitan dengan: lembah, aliran lava\n• [Saat Bencana] awan panas terkait dengan: eksplosi\n• [Saat Bencana] aliran lava: Magma yang meleleh ke permukaan bumi melalui rekahan\n• [Saat Bencana] aliran lava berkaitan dengan: perlindungan infrastruktur\n• [Saat Bencana] aliran lava terkait dengan: awan panas\n• [Saat Bencana] gas beracun: Gas vulkanik yang dapat mematikan seketika apabila terhirup dalam tubuh\n• [Saat Bencana] gas beracun berkaitan dengan: co2, so2, rn, h2s, hcl, hf, h2so4\n• [Saat Bencana] gas beracun terkait dengan: eksplosi\n• [Saat Bencana] lontaran material (pijar): Lontaran yang terjadi ketika letusan magmatic berlangsung, suhu mencapai 200°C dan diameter lebih dari 10 cm\n• [Saat Bencana] lontaran material (pijar) berkaitan dengan: wilayah sekitar gunungapi\n• [Saat Bencana] hujan abu: Material abu yang turun sebagai akibat erosi akibat letusan gunung api\n• [Saat Bencana] hujan abu berkaitan dengan: lingkungan\n• [Saat Bencana] lahar letusan: Banjir yang terbentuk akibat air bercampur material lepas dari gunung berapi\n• [Saat Bencana] lahar letusan berkaitan dengan: tingkat rawan bencana gunung api\n• [Pra Bencana] tingkat status (level) gunung api: Skala penilaian risiko untuk gunung api\n• [Pra Bencana] tingkat status (level) gunung api berkaitan dengan: awas, siaga, normal\n• [Saat Bencana] awas: Tingkatan dalam skala TINGKAT STATUS (LEVEL) GUNUNG API yang menunjukkan jelang letusan utama\n• [Saat Bencana] awas terkait dengan: tingkat status (level) gunung api\n• [Saat Bencana] siaga: Tingkatan dalam skala TINGKAT STATUS (LEVEL) GUNUNG API yang menunjukkan peningkatan nyata hasil pengamatan\n• [Saat Bencana] siaga terkait dengan: tingkat status (level) gunung api\n• [Saat Bencana] normal: Tingkatan dalam skala TINGKAT STATUS (LEVEL) GUNUNG API yang menunjukkan tidak memperlihatkan adanya kelainan\n• [Saat Bencana] normal terkait dengan: tingkat status (level) gunung api\n• [Pra Bencana] tingkat rawan bencana gunung api: Area yang berpotensi terkena dampak bencana terkait gunung api\n• [Pra Bencana] tingkat rawan bencana gunung api terkait dengan: lahar letusan\n• [Pra Bencana] krb iii: Kawasan Rawan Bencana dengan potensi dampak tertinggi\n• [Pra Bencana] krb iii berkaitan dengan: gunung berapi\n• [Pra Bencana] krb ii: Kawasan Rawan Bencana dengan potensi dampak sedang\n• [Pra Bencana] krb ii berkaitan dengan: gunung berapi\n• [Pra Bencana] krb i: Kawasan Rawan Bencana dengan potensi dampak rendah\n• [Pra Bencana] krb i berkaitan dengan: gunung berapi, aliran lahar, hujan abu lebat, lontaran batu (pijar), hujan lumpur panas\n• [Saat Bencana] aliran lahar: Aliran lumpur dan puing-puing vulkanik yang bergerak cepat di sepanjang lembah sungai.\n• [Saat Bencana] aliran lahar terkait dengan: krb i\n• [Saat Bencana] hujan abu lebat: Hujan yang disertai dengan partikel abu vulkanik yang cukup banyak.\n• [Saat Bencana] hujan abu lebat terkait dengan: krb i\n• [Saat Bencana] lontaran batu (pijar): Penyebaran batu panas atau 'pijar' akibat letusan gunungapi.\n• [Saat Bencana] lontaran batu (pijar) terkait dengan: krb i\n• [Saat Bencana] hujan lumpur panas: Campuran air dan material vulkanik yang mengalir dengan kecepatan tinggi.\n• [Saat Bencana] hujan lumpur panas terkait dengan: krb i\n• [Pra Bencana] pvmbg: Badan Vulkanologi dan Gemologi Indonesia, lembaga pemerintah yang bertanggung jawab atas penelitian dan pemantauan gunungapi.\n• [Pra Bencana] pvmbg berkaitan dengan: pemerintah, siapkan masker dan kacamata pelindung, brin, kementerian sosial\n• [Pra Bencana] pvmbg terkait dengan: bmkg""]","**Pra Bencana:**
1.  Hujan abu lebat dapat mengganggu kesehatan karena partikel abu vulkanik dapat masuk ke dalam saluran pernapasan.
2.  PVMBG menganjurkan untuk menyiapkan masker dan kacamata pelindung sebagai antisipasi.
3.  Hujan abu lebat dapat mengibatkan terganggunya aktivitas sehari-hari.

**Saat Bencana:**
1.  Lontaran batu (pijar) dapat menyebabkan luka bakar serius jika terkena.
2.  Hujan abu lebat dapat menyebabkan iritasi mata dan tenggorokan.
3.  Aliran lahar dapat menyebabkan luka bakar dan kerusakan properti.

**Pasca Bencana:**
1.  Hujan abu lebat dapat mengibatkan masalah kesehatan jangka panjang, seperti gangguan pernapasan kronis.
2.  Hujan abu lebat dapat merusak lingkungan, termasuk tanaman dan sumber air.
3.  Hujan lumpur panas dapat menyebabkan luka bakar dan kerusakan properti.","Dokumen tidak merinci dampak kesehatan abu vulkanik secara eksplisit, namun menekankan pentingnya penggunaan masker/kain basah dan kacamata pelindung untuk melindungi diri dari paparan abu, serta menganjurkan mengurangi paparan abu vulkanik pasca bencana.",1.0,,0.9999999999,0.45559212146369005
Kapan warga boleh kembali ke rumah setelah gunung meletus?,['• [Pasca Bencana] rumah atau bangunan berkaitan dengan: wilayah aliran sungai\n• [Pasca Bencana] musim hujan berkaitan dengan: bahaya lahar\n• [Pasca Bencana] wilayah aliran sungai terkait dengan: rumah atau bangunan'],"Tentu, saya akan bantu. Berikut adalah informasi yang bisa saya sampaikan kepada warga:

1.  Setelah terjadi bencana, periksalah apakah rumah atau bangunan Anda berada di dekat wilayah aliran sungai.
2.  Hati-hati terhadap bahaya lahar, terutama saat musim hujan setelah bencana.
3.  Pastikan wilayah aliran sungai yang berada di sekitar rumah atau bangunan Anda aman.
4.  Waspadalah terhadap potensi banjir yang dapat terjadi.
5.  Selalu perhatikan perkembangan informasi dari pihak berwenang terkait kondisi setelah bencana.",Dokumen tidak menyebutkan waktu spesifik kapan warga boleh kembali; yang ditekankan adalah mengurangi paparan abu vulkanik dan tetap waspada terhadap wilayah aliran sungai yang berpotensi lahar pada musim hujan pasca bencana.,0.4,,0.9999999999,0.5257229019439975
Apa itu lahar dingin dan kapan biasanya terjadi?,"[""• [Saat Bencana] mobil: Sebuah kendaraan bermotor yang digunakan untuk transportasi.\n• [Saat Bencana] mobil berkaitan dengan: wilayah banjir, pinggir jalan\n• [Pra Bencana] gunung salak: Gunung api yang berbatasan langsung dengan Kabupaten Bogor\n• [Pra Bencana] gunung salak berkaitan dengan: kabupaten bogor\n• [Pra Bencana] gunung gede: Gunung api yang berbatasan langsung dengan Kabupaten Bogor\n• [Pra Bencana] gunung gede berkaitan dengan: kabupaten bogor\n• [Pra Bencana] pusat vulkanologi dan mitigasi bencana geologi (pvmbg): Institusi teknis terkait dengan kegunungapian\n• [Pra Bencana] www.vsi.esdm.go.id: Laman yang menyediakan informasi terkait gunungapi\n• [Pra Bencana] magma indonesia: Produk aplikasi yang dikeluarkan oleh PVMBG\n• [Saat Bencana] awan panas: Aliran material vulkanik panas yang terdiri atas batuan berat, ringan (berongga) lava masif dan butiran klastik\n• [Saat Bencana] awan panas berkaitan dengan: lembah, aliran lava\n• [Saat Bencana] awan panas terkait dengan: eksplosi\n• [Saat Bencana] aliran lava: Magma yang meleleh ke permukaan bumi melalui rekahan\n• [Saat Bencana] aliran lava berkaitan dengan: perlindungan infrastruktur\n• [Saat Bencana] aliran lava terkait dengan: awan panas\n• [Saat Bencana] gas beracun: Gas vulkanik yang dapat mematikan seketika apabila terhirup dalam tubuh\n• [Saat Bencana] gas beracun berkaitan dengan: co2, so2, rn, h2s, hcl, hf, h2so4\n• [Saat Bencana] gas beracun terkait dengan: eksplosi\n• [Saat Bencana] lontaran material (pijar): Lontaran yang terjadi ketika letusan magmatic berlangsung, suhu mencapai 200°C dan diameter lebih dari 10 cm\n• [Saat Bencana] lontaran material (pijar) berkaitan dengan: wilayah sekitar gunungapi\n• [Saat Bencana] hujan abu: Material abu yang turun sebagai akibat erosi akibat letusan gunung api\n• [Saat Bencana] hujan abu berkaitan dengan: lingkungan\n• [Saat Bencana] lahar letusan: Banjir yang terbentuk akibat air bercampur material lepas dari gunung berapi\n• [Saat Bencana] lahar letusan berkaitan dengan: tingkat rawan bencana gunung api\n• [Pra Bencana] tingkat status (level) gunung api: Skala penilaian risiko untuk gunung api\n• [Pra Bencana] tingkat status (level) gunung api berkaitan dengan: awas, siaga, normal\n• [Saat Bencana] awas: Tingkatan dalam skala TINGKAT STATUS (LEVEL) GUNUNG API yang menunjukkan jelang letusan utama\n• [Saat Bencana] awas terkait dengan: tingkat status (level) gunung api\n• [Saat Bencana] siaga: Tingkatan dalam skala TINGKAT STATUS (LEVEL) GUNUNG API yang menunjukkan peningkatan nyata hasil pengamatan\n• [Saat Bencana] siaga terkait dengan: tingkat status (level) gunung api\n• [Saat Bencana] normal: Tingkatan dalam skala TINGKAT STATUS (LEVEL) GUNUNG API yang menunjukkan tidak memperlihatkan adanya kelainan\n• [Saat Bencana] normal terkait dengan: tingkat status (level) gunung api\n• [Pra Bencana] tingkat rawan bencana gunung api: Area yang berpotensi terkena dampak bencana terkait gunung api\n• [Pra Bencana] tingkat rawan bencana gunung api terkait dengan: lahar letusan\n• [Pra Bencana] krb iii: Kawasan Rawan Bencana dengan potensi dampak tertinggi\n• [Pra Bencana] krb iii berkaitan dengan: gunung berapi\n• [Pra Bencana] krb ii: Kawasan Rawan Bencana dengan potensi dampak sedang\n• [Pra Bencana] krb ii berkaitan dengan: gunung berapi\n• [Pra Bencana] krb i: Kawasan Rawan Bencana dengan potensi dampak rendah\n• [Pra Bencana] krb i berkaitan dengan: gunung berapi, aliran lahar, hujan abu lebat, lontaran batu (pijar), hujan lumpur panas\n• [Saat Bencana] aliran lahar: Aliran lumpur dan puing-puing vulkanik yang bergerak cepat di sepanjang lembah sungai.\n• [Saat Bencana] aliran lahar terkait dengan: krb i\n• [Saat Bencana] hujan abu lebat: Hujan yang disertai dengan partikel abu vulkanik yang cukup banyak.\n• [Saat Bencana] hujan abu lebat terkait dengan: krb i\n• [Saat Bencana] lontaran batu (pijar): Penyebaran batu panas atau 'pijar' akibat letusan gunungapi.\n• [Saat Bencana] lontaran batu (pijar) terkait dengan: krb i\n• [Saat Bencana] hujan lumpur panas: Campuran air dan material vulkanik yang mengalir dengan kecepatan tinggi.\n• [Saat Bencana] hujan lumpur panas terkait dengan: krb i\n• [Pra Bencana] pvmbg: Badan Vulkanologi dan Gemologi Indonesia, lembaga pemerintah yang bertanggung jawab atas penelitian dan pemantauan gunungapi.\n• [Pra Bencana] pvmbg berkaitan dengan: pemerintah, siapkan masker dan kacamata pelindung, brin, kementerian sosial\n• [Pra Bencana] pvmbg terkait dengan: bmkg""]","Lahar dingin adalah aliran lumpur dan puing-puing vulkanik yang bergerak cepat di sepanjang lembah sungai. Biasanya, lahar dingin terjadi setelah letusan gunungapi, di mana air dan material vulkanik yang membeku saling bercampur. Aliran ini terbentuk karena suhu material vulkanik yang berada di lereng gunung masih cukup tinggi.  Lahar dingin merupakan bagian dari potensi bahaya di daerah yang berpotensi terkena dampak lahar, terutama di zona rawan bencana gunung api (KBR I).
","Dokumen tidak secara eksplisit menyebutkan istilah 'lahar dingin', namun menjelaskan 'lahar letusan' terjadi pada gunung berapi yang memiliki danau kawah, terjadi bersamaan saat letusan ketika air bercampur material lepas gunung berapi mengalir membentuk banjir lahar. Dokumen juga mengingatkan untuk mewaspadai wilayah aliran sungai yang berpotensi terlanda bahaya lahar pada musim hujan pasca erupsi.",0.3333333333333333,,0.9999999999,0.7056574837124767
Apa yang harus dilakukan saat terjadi kebakaran hutan dan lahan?,"['• [Saat Bencana] rumah: Bangunan tempat tinggal.\n• [Saat Bencana] rumah berkaitan dengan: evakuasi, konstruksi tahan gempa, tetap berada di bawah meja\n• [Saat Bencana] rumah terkait dengan: anda\n• [Saat Bencana] pm10: Partikel udara yang berukuran lebih kecil dari 10 mikron (mikrometer).\n• [Saat Bencana] pm10 berkaitan dengan: konsentrasi\n• [Saat Bencana] nab pm10: Batas konsentrasi polusi udara yang diperbolehkan berada dalam udara ambien.\n• [Saat Bencana] nab pm10 berkaitan dengan: konsentrasi\n• [Saat Bencana] rambu: Rambu yang menunjukkan kawasan hutan memiliki ancaman atau rawan kebakaran hutan.\n• [Saat Bencana] rambu berkaitan dengan: hutan\n• [Saat Bencana] api: Sumber bahaya yang harus dipadamkan\n• [Saat Bencana] api berkaitan dengan: hutan, bangunan\n• [Saat Bencana] api terkait dengan: angin kencang, aktivitas pembakaran\n• [Saat Bencana] 50 kaki: Jarak minimal pembakaran dari bangunan\n• [Saat Bencana] 500 kaki: Jarak minimal pembakaran dari hutan\n• [Saat Bencana] warga: Orang-orang yang melakukan pembakaran\n• [Saat Bencana] warga berkaitan dengan: pembakaran, aktivitas pembakaran, menjaga jarak 50 kaki, menjaga jarak 500 kaki, memastikan api mati\n• [Saat Bencana] warga terkait dengan: masyarakat\n• [Saat Bencana] cuaca berangin: Kondisi cuaca yang meningkatkan risiko kebakaran\n• [Saat Bencana] cuaca berangin berkaitan dengan: angin kencang\n• [Saat Bencana] dokter: Profesional medis yang harus segera dikonsultasi\n• [Saat Bencana] dokter berkaitan dengan: gangguan jantung atau paru-paru\n• [Saat Bencana] dokter terkait dengan: warga\n• [Saat Bencana] gangguan jantung atau paru-paru: Kondisi medis yang memerlukan perhatian medis segera\n• [Saat Bencana] gangguan jantung atau paru-paru terkait dengan: dokter\n• [Saat Bencana] air putih, buah dan makanan bergizi: Makanan yang harus dikonsumsi untuk kesehatan\n• [Saat Bencana] air conditioner (ac): Peralatan pendingin ruangan yang digunakan untuk menjaga udara dalam ruangan sebersih mungkin.\n• [Saat Bencana] pusat: Tempat perlindungan untuk menghindari dampak pengap saat tidak dapat tinggal di rumah.\n• [Saat Bencana] posko kebakaran: Lembaga atau tempat yang bertanggung jawab untuk menanggapi dan memadamkan api.\n• [Saat Bencana] posko kebakaran terkait dengan: bila api terus menjalar']","1. Jika terjadi kebakaran, segera padamkan api dengan bantuan posko kebakaran.
2. Jaga jarak minimal 50 kaki dari bangunan dan 500 kaki dari hutan saat melakukan pembakaran.
3. Waspadalah terhadap cuaca berangin karena meningkatkan risiko kebakaran.
4. Jika Anda atau orang lain mengalami gangguan jantung atau paru-paru, segera konsultasikan dengan dokter.
5.  Pastikan api benar-benar mati, terutama jika dilakukan oleh warga.
","Jika tidak berkepentingan, jangan keluar rumah; tinggal di dalam rumah dan tutup akses udara berasap agar udara dalam ruangan tetap bersih; nyalakan AC atau filtrasi udara, atau cari perlindungan di pusat bila tidak memiliki AC dan rumah terlalu pengap; lindungi pernapasan dengan masker/kain (disarankan masker N95) saat beraktivitas di luar; cuci tangan dan wajah setelah beraktivitas di luar; segera periksa ke dokter bila memiliki gangguan jantung/paru-paru; cukupi asupan air putih, buah, dan makanan bergizi; serta laporkan ke Posko Kebakaran atau pihak terkait jika api terus menjalar.",1.0,,0.9999999999,0.6838528370790896
Bagaimana cara mencegah penyebaran api saat karhutla?,"['• [Pra Bencana] angin kencang: Istilah bencana lokal dari Angin Puting Beliung untuk Kabupaten Bogor.\n• [Pra Bencana] angin kencang berkaitan dengan: kabupaten bogor, 5 bencana kabupaten bogor, api\n• [Pra Bencana] angin kencang terkait dengan: cuaca berangin, memperhatikan tanda-tanda\n• [Pra Bencana] hutan: Hutan adalah area yang tertutup pepohonan.\n• [Pra Bencana] hutan terkait dengan: api, rambu\n• [Pra Bencana] foto: Representasi visual yang dibuat menggunakan kamera.\n• [Pra Bencana] foto berkaitan dengan: harta dan kepemilikan\n• [Pra Bencana] foto terkait dengan: harta\n• [Pra Bencana] dokumen: Catatan dan bukti yang relevan.\n• [Pra Bencana] dokumen terkait dengan: harta\n• [Pra Bencana] tempat yang aman: Lokasi penyimpanan dokumen harta\n• [Pra Bencana] tempat yang aman terkait dengan: dokumen penting\n• [Pra Bencana] bangunan: Struktur yang harus dijauhkan dari api\n• [Pra Bencana] bangunan terkait dengan: api, anda\n• [Pra Bencana] karhutla: Keadaan lahan dan hutan yang dilanda api sehingga mengakibatkan kerusakan dan dampak yang merugikan.\n• [Pra Bencana] karhutla berkaitan dengan: kerusakan\n• [Pra Bencana] masyarakat: Kelompok orang yang tinggal di sekitar hutan\n• [Pra Bencana] masyarakat berkaitan dengan: warga, bpbd\n• [Pra Bencana] masyarakat terkait dengan: kon\uf002ik sosial, kerusuhan sosial, bpbd\n• [Pra Bencana] rumput dan puing puing: Material yang tidak diperbolehkan untuk dibakar\n• [Pra Bencana] catatan harta: Dokumentasi aset yang dibuat melalui foto dan dokumen\n• [Pra Bencana] catatan harta terkait dengan: harta dan kepemilikan, pergeseran tanah\n• [Pra Bencana] masker/kain: Alat pelindung yang digunakan untuk melindungi lubang pernafasan.\n• [Pra Bencana] masker/kain berkaitan dengan: lubang pernafasan\n• [Pra Bencana] masker n95: Jenis masker yang memberikan perlindungan lebih baik terhadap partikel berbahaya.\n• [Pra Bencana] masker n95 berkaitan dengan: perlindungan']","1.  Hindari membakar rumput dan puing-puing karena material ini bisa memicu karhutla.
2.  Jauhkan bangunan dari api, terutama struktur yang mudah terbakar.
3.  Pastikan Anda memiliki catatan harta berupa foto dan dokumen aset sebagai bukti kepemilikan.
4.  Simpan dokumen penting di tempat yang aman.
5.  Perhatikan tanda-tanda cuaca berangin dan potensi angin kencang (Angin Puting Beliung) yang dapat memicu kebakaran hutan.","Berikan edukasi kepada warga sekitar hutan untuk tidak membakar rumput/puing terutama saat musim kemarau disertai angin kencang, lakukan pembakaran dengan jarak minimal 50 kaki dari bangunan dan 500 kaki dari hutan, pastikan api sudah mati sebelum meninggalkan lokasi pembakaran dan bersihkan area dari bahan mudah terbakar, serta hindari membakar saat cuaca berangin karena angin kencang menjadi faktor utama meluasnya kebakaran.",1.0,,0.9999999999,0.40096270755546787
Apa perlengkapan yang dibutuhkan saat terjadi karhutla?,"['• [Saat Bencana] rumah: Bangunan tempat tinggal.\n• [Saat Bencana] rumah berkaitan dengan: evakuasi, konstruksi tahan gempa, tetap berada di bawah meja\n• [Saat Bencana] rumah terkait dengan: anda\n• [Saat Bencana] pm10: Partikel udara yang berukuran lebih kecil dari 10 mikron (mikrometer).\n• [Saat Bencana] pm10 berkaitan dengan: konsentrasi\n• [Saat Bencana] nab pm10: Batas konsentrasi polusi udara yang diperbolehkan berada dalam udara ambien.\n• [Saat Bencana] nab pm10 berkaitan dengan: konsentrasi\n• [Saat Bencana] rambu: Rambu yang menunjukkan kawasan hutan memiliki ancaman atau rawan kebakaran hutan.\n• [Saat Bencana] rambu berkaitan dengan: hutan\n• [Saat Bencana] api: Sumber bahaya yang harus dipadamkan\n• [Saat Bencana] api berkaitan dengan: hutan, bangunan\n• [Saat Bencana] api terkait dengan: angin kencang, aktivitas pembakaran\n• [Saat Bencana] 50 kaki: Jarak minimal pembakaran dari bangunan\n• [Saat Bencana] 500 kaki: Jarak minimal pembakaran dari hutan\n• [Saat Bencana] warga: Orang-orang yang melakukan pembakaran\n• [Saat Bencana] warga berkaitan dengan: pembakaran, aktivitas pembakaran, menjaga jarak 50 kaki, menjaga jarak 500 kaki, memastikan api mati\n• [Saat Bencana] warga terkait dengan: masyarakat\n• [Saat Bencana] cuaca berangin: Kondisi cuaca yang meningkatkan risiko kebakaran\n• [Saat Bencana] cuaca berangin berkaitan dengan: angin kencang\n• [Saat Bencana] dokter: Profesional medis yang harus segera dikonsultasi\n• [Saat Bencana] dokter berkaitan dengan: gangguan jantung atau paru-paru\n• [Saat Bencana] dokter terkait dengan: warga\n• [Saat Bencana] gangguan jantung atau paru-paru: Kondisi medis yang memerlukan perhatian medis segera\n• [Saat Bencana] gangguan jantung atau paru-paru terkait dengan: dokter\n• [Saat Bencana] air putih, buah dan makanan bergizi: Makanan yang harus dikonsumsi untuk kesehatan\n• [Saat Bencana] air conditioner (ac): Peralatan pendingin ruangan yang digunakan untuk menjaga udara dalam ruangan sebersih mungkin.\n• [Saat Bencana] pusat: Tempat perlindungan untuk menghindari dampak pengap saat tidak dapat tinggal di rumah.\n• [Saat Bencana] posko kebakaran: Lembaga atau tempat yang bertanggung jawab untuk menanggapi dan memadamkan api.\n• [Saat Bencana] posko kebakaran terkait dengan: bila api terus menjalar']","Tentu, ini beberapa hal yang perlu Anda lakukan saat terjadi karhutla:

1.  Jika Anda berada di dalam rumah, tetaplah berada di bawah meja.
2.  Jaga jarak minimal 50 kaki dari bangunan dengan api.
3.  Jaga jarak minimal 500 kaki dari hutan dengan api.
4.  Jika ada pembakaran yang dilakukan oleh warga, segera konsultasikan dengan dokter jika Anda atau orang lain mengalami gangguan jantung atau paru-paru.
5.  Perhatikan kondisi cuaca, terutama jika berangin, untuk mencegah kebakaran.","Dokumen menyebutkan perlunya masker atau kain (disarankan masker N95) untuk melindungi pernapasan dari asap, serta akses ke Air Conditioner (AC) atau alat filtrasi udara di dalam rumah.",1.0,,0.9999999999,0.39819570337194315
Apa penyebab utama kebakaran hutan dan lahan?,"['• [Pra Bencana] angin kencang: Istilah bencana lokal dari Angin Puting Beliung untuk Kabupaten Bogor.\n• [Pra Bencana] angin kencang berkaitan dengan: kabupaten bogor, 5 bencana kabupaten bogor, api\n• [Pra Bencana] angin kencang terkait dengan: cuaca berangin, memperhatikan tanda-tanda\n• [Pra Bencana] hutan: Hutan adalah area yang tertutup pepohonan.\n• [Pra Bencana] hutan terkait dengan: api, rambu\n• [Pra Bencana] foto: Representasi visual yang dibuat menggunakan kamera.\n• [Pra Bencana] foto berkaitan dengan: harta dan kepemilikan\n• [Pra Bencana] foto terkait dengan: harta\n• [Pra Bencana] dokumen: Catatan dan bukti yang relevan.\n• [Pra Bencana] dokumen terkait dengan: harta\n• [Saat Bencana] rumah: Bangunan tempat tinggal.\n• [Saat Bencana] rumah berkaitan dengan: evakuasi, konstruksi tahan gempa, tetap berada di bawah meja\n• [Saat Bencana] rumah terkait dengan: anda\n• [Pra Bencana] tempat yang aman: Lokasi penyimpanan dokumen harta\n• [Pra Bencana] tempat yang aman terkait dengan: dokumen penting\n• [Pra Bencana] bangunan: Struktur yang harus dijauhkan dari api\n• [Pra Bencana] bangunan terkait dengan: api, anda\n• [Pasca Bencana] harta dan kepemilikan: Aset atau barang berharga yang dimiliki seseorang.\n• [Pasca Bencana] harta dan kepemilikan berkaitan dengan: dokumentasi, catatan harta\n• [Pasca Bencana] harta dan kepemilikan terkait dengan: pergeseran tanah, foto\n• [Pra Bencana] karhutla: Keadaan lahan dan hutan yang dilanda api sehingga mengakibatkan kerusakan dan dampak yang merugikan.\n• [Pra Bencana] karhutla berkaitan dengan: kerusakan\n• [Saat Bencana] pm10: Partikel udara yang berukuran lebih kecil dari 10 mikron (mikrometer).\n• [Saat Bencana] pm10 berkaitan dengan: konsentrasi\n• [Saat Bencana] nab pm10: Batas konsentrasi polusi udara yang diperbolehkan berada dalam udara ambien.\n• [Saat Bencana] nab pm10 berkaitan dengan: konsentrasi\n• [Saat Bencana] rambu: Rambu yang menunjukkan kawasan hutan memiliki ancaman atau rawan kebakaran hutan.\n• [Saat Bencana] rambu berkaitan dengan: hutan\n• [Pra Bencana] masyarakat: Kelompok orang yang tinggal di sekitar hutan\n• [Pra Bencana] masyarakat berkaitan dengan: warga, bpbd\n• [Pra Bencana] masyarakat terkait dengan: kon\uf002ik sosial, kerusuhan sosial, bpbd\n• [Pra Bencana] rumput dan puing puing: Material yang tidak diperbolehkan untuk dibakar\n• [Pra Bencana] catatan harta: Dokumentasi aset yang dibuat melalui foto dan dokumen\n• [Pra Bencana] catatan harta terkait dengan: harta dan kepemilikan, pergeseran tanah\n• [Saat Bencana] api: Sumber bahaya yang harus dipadamkan\n• [Saat Bencana] api berkaitan dengan: hutan, bangunan\n• [Saat Bencana] api terkait dengan: angin kencang, aktivitas pembakaran\n• [Saat Bencana] 50 kaki: Jarak minimal pembakaran dari bangunan\n• [Saat Bencana] 500 kaki: Jarak minimal pembakaran dari hutan\n• [Saat Bencana] warga: Orang-orang yang melakukan pembakaran\n• [Saat Bencana] warga berkaitan dengan: pembakaran, aktivitas pembakaran, menjaga jarak 50 kaki, menjaga jarak 500 kaki, memastikan api mati\n• [Saat Bencana] warga terkait dengan: masyarakat\n• [Saat Bencana] cuaca berangin: Kondisi cuaca yang meningkatkan risiko kebakaran\n• [Saat Bencana] cuaca berangin berkaitan dengan: angin kencang\n• [Saat Bencana] dokter: Profesional medis yang harus segera dikonsultasi\n• [Saat Bencana] dokter berkaitan dengan: gangguan jantung atau paru-paru\n• [Saat Bencana] dokter terkait dengan: warga\n• [Saat Bencana] gangguan jantung atau paru-paru: Kondisi medis yang memerlukan perhatian medis segera\n• [Saat Bencana] gangguan jantung atau paru-paru terkait dengan: dokter\n• [Saat Bencana] air putih, buah dan makanan bergizi: Makanan yang harus dikonsumsi untuk kesehatan\n• [Saat Bencana] air conditioner (ac): Peralatan pendingin ruangan yang digunakan untuk menjaga udara dalam ruangan sebersih mungkin.\n• [Saat Bencana] pusat: Tempat perlindungan untuk menghindari dampak pengap saat tidak dapat tinggal di rumah.']","**Pra Bencana:**
1. Angin kencang berkaitan dengan: aktivitas pembakaran, api.
2. Karhutla berkaitan dengan: kerusakan.
3. Hutan berkaitan dengan: api.

**Saat Bencana:**
1. Api berkaitan dengan: angin kencang, aktivitas pembakaran.
2. Warga berkaitan dengan: pembakaran, aktivitas pembakaran, menjaga jarak 50 kaki, menjaga jarak 500 kaki.
3. Dokter berkaitan dengan: gangguan jantung atau paru-paru.

**Pasca Bencana:**
1. Harta dan kepemilikan berkaitan dengan: pergeseran tanah, foto.
2. Catatan harta berkaitan dengan: harta dan kepemilikan, pergeseran tanah.
3. Harta dan kepemilikan berkaitan dengan: dokumentasi, catatan harta.
","Penyebab utamanya adalah warga yang membakar rumput saat musim kemarau disertai angin kencang, sehingga penyebaran api menjadi mudah dan meluas.",1.0,,0.9999999999,0.49719690769851627
Bagaimana cara melindungi diri dari asap kebakaran hutan?,"['• [Pra Bencana] angin kencang: Istilah bencana lokal dari Angin Puting Beliung untuk Kabupaten Bogor.\n• [Pra Bencana] angin kencang berkaitan dengan: kabupaten bogor, 5 bencana kabupaten bogor, api\n• [Pra Bencana] angin kencang terkait dengan: cuaca berangin, memperhatikan tanda-tanda\n• [Pra Bencana] hutan: Hutan adalah area yang tertutup pepohonan.\n• [Pra Bencana] hutan terkait dengan: api, rambu\n• [Pra Bencana] foto: Representasi visual yang dibuat menggunakan kamera.\n• [Pra Bencana] foto berkaitan dengan: harta dan kepemilikan\n• [Pra Bencana] foto terkait dengan: harta\n• [Pra Bencana] dokumen: Catatan dan bukti yang relevan.\n• [Pra Bencana] dokumen terkait dengan: harta\n• [Saat Bencana] rumah: Bangunan tempat tinggal.\n• [Saat Bencana] rumah berkaitan dengan: evakuasi, konstruksi tahan gempa, tetap berada di bawah meja\n• [Saat Bencana] rumah terkait dengan: anda\n• [Pra Bencana] tempat yang aman: Lokasi penyimpanan dokumen harta\n• [Pra Bencana] tempat yang aman terkait dengan: dokumen penting\n• [Pra Bencana] bangunan: Struktur yang harus dijauhkan dari api\n• [Pra Bencana] bangunan terkait dengan: api, anda\n• [Pasca Bencana] harta dan kepemilikan: Aset atau barang berharga yang dimiliki seseorang.\n• [Pasca Bencana] harta dan kepemilikan berkaitan dengan: dokumentasi, catatan harta\n• [Pasca Bencana] harta dan kepemilikan terkait dengan: pergeseran tanah, foto\n• [Pra Bencana] karhutla: Keadaan lahan dan hutan yang dilanda api sehingga mengakibatkan kerusakan dan dampak yang merugikan.\n• [Pra Bencana] karhutla berkaitan dengan: kerusakan\n• [Saat Bencana] pm10: Partikel udara yang berukuran lebih kecil dari 10 mikron (mikrometer).\n• [Saat Bencana] pm10 berkaitan dengan: konsentrasi\n• [Saat Bencana] nab pm10: Batas konsentrasi polusi udara yang diperbolehkan berada dalam udara ambien.\n• [Saat Bencana] nab pm10 berkaitan dengan: konsentrasi\n• [Saat Bencana] rambu: Rambu yang menunjukkan kawasan hutan memiliki ancaman atau rawan kebakaran hutan.\n• [Saat Bencana] rambu berkaitan dengan: hutan\n• [Pra Bencana] masyarakat: Kelompok orang yang tinggal di sekitar hutan\n• [Pra Bencana] masyarakat berkaitan dengan: warga, bpbd\n• [Pra Bencana] masyarakat terkait dengan: kon\uf002ik sosial, kerusuhan sosial, bpbd\n• [Pra Bencana] rumput dan puing puing: Material yang tidak diperbolehkan untuk dibakar\n• [Pra Bencana] catatan harta: Dokumentasi aset yang dibuat melalui foto dan dokumen\n• [Pra Bencana] catatan harta terkait dengan: harta dan kepemilikan, pergeseran tanah\n• [Saat Bencana] api: Sumber bahaya yang harus dipadamkan\n• [Saat Bencana] api berkaitan dengan: hutan, bangunan\n• [Saat Bencana] api terkait dengan: angin kencang, aktivitas pembakaran\n• [Saat Bencana] 50 kaki: Jarak minimal pembakaran dari bangunan\n• [Saat Bencana] 500 kaki: Jarak minimal pembakaran dari hutan\n• [Saat Bencana] warga: Orang-orang yang melakukan pembakaran\n• [Saat Bencana] warga berkaitan dengan: pembakaran, aktivitas pembakaran, menjaga jarak 50 kaki, menjaga jarak 500 kaki, memastikan api mati\n• [Saat Bencana] warga terkait dengan: masyarakat\n• [Saat Bencana] cuaca berangin: Kondisi cuaca yang meningkatkan risiko kebakaran\n• [Saat Bencana] cuaca berangin berkaitan dengan: angin kencang\n• [Saat Bencana] dokter: Profesional medis yang harus segera dikonsultasi\n• [Saat Bencana] dokter berkaitan dengan: gangguan jantung atau paru-paru\n• [Saat Bencana] dokter terkait dengan: warga\n• [Saat Bencana] gangguan jantung atau paru-paru: Kondisi medis yang memerlukan perhatian medis segera\n• [Saat Bencana] gangguan jantung atau paru-paru terkait dengan: dokter\n• [Saat Bencana] air putih, buah dan makanan bergizi: Makanan yang harus dikonsumsi untuk kesehatan\n• [Saat Bencana] air conditioner (ac): Peralatan pendingin ruangan yang digunakan untuk menjaga udara dalam ruangan sebersih mungkin.\n• [Saat Bencana] pusat: Tempat perlindungan untuk menghindari dampak pengap saat tidak dapat tinggal di rumah.']","**Pra Bencana:**
1. Perhatikan tanda-tanda cuaca berangin.
2. Jauhkan bangunan dari api.
3. Simpan dokumen penting di tempat yang aman.

**Saat Bencana:**
1. Jaga jarak minimal 50 kaki dari bangunan dan 500 kaki dari hutan.
2. Pastikan api benar-benar mati sebelum meninggalkan lokasi pembakaran.
3. Jika mengalami gangguan jantung atau paru-paru, segera konsultasikan dengan dokter.

**Pasca Bencana:**
1. Dokumentasikan kerusakan harta dan kepemilikan dengan foto dan catatan.
2. Laporkan kerusakan harta dan kepemilikan kepada BPBD.
","Tinggal di dalam rumah dan tutup segala akses udara berasap yang bisa masuk, nyalakan AC atau filtrasi udara (atau cari perlindungan di pusat bila tidak ada AC dan rumah terlalu pengap), lindungi lubang pernapasan dengan masker/kain setiap beraktivitas di luar ruangan (gunakan masker N95 untuk perlindungan lebih baik), dan cuci tangan serta wajah setelah beraktivitas di luar.",1.0,,0.9999999999,0.5013189141317245
Apa dampak karhutla bagi kesehatan masyarakat?,"['• [Pra Bencana] angin kencang: Istilah bencana lokal dari Angin Puting Beliung untuk Kabupaten Bogor.\n• [Pra Bencana] angin kencang berkaitan dengan: kabupaten bogor, 5 bencana kabupaten bogor, api\n• [Pra Bencana] angin kencang terkait dengan: cuaca berangin, memperhatikan tanda-tanda\n• [Pra Bencana] hutan: Hutan adalah area yang tertutup pepohonan.\n• [Pra Bencana] hutan terkait dengan: api, rambu\n• [Pra Bencana] foto: Representasi visual yang dibuat menggunakan kamera.\n• [Pra Bencana] foto berkaitan dengan: harta dan kepemilikan\n• [Pra Bencana] foto terkait dengan: harta\n• [Pra Bencana] dokumen: Catatan dan bukti yang relevan.\n• [Pra Bencana] dokumen terkait dengan: harta\n• [Saat Bencana] rumah: Bangunan tempat tinggal.\n• [Saat Bencana] rumah berkaitan dengan: evakuasi, konstruksi tahan gempa, tetap berada di bawah meja\n• [Saat Bencana] rumah terkait dengan: anda\n• [Pra Bencana] tempat yang aman: Lokasi penyimpanan dokumen harta\n• [Pra Bencana] tempat yang aman terkait dengan: dokumen penting\n• [Pra Bencana] bangunan: Struktur yang harus dijauhkan dari api\n• [Pra Bencana] bangunan terkait dengan: api, anda\n• [Pasca Bencana] harta dan kepemilikan: Aset atau barang berharga yang dimiliki seseorang.\n• [Pasca Bencana] harta dan kepemilikan berkaitan dengan: dokumentasi, catatan harta\n• [Pasca Bencana] harta dan kepemilikan terkait dengan: pergeseran tanah, foto\n• [Pra Bencana] karhutla: Keadaan lahan dan hutan yang dilanda api sehingga mengakibatkan kerusakan dan dampak yang merugikan.\n• [Pra Bencana] karhutla berkaitan dengan: kerusakan\n• [Saat Bencana] pm10: Partikel udara yang berukuran lebih kecil dari 10 mikron (mikrometer).\n• [Saat Bencana] pm10 berkaitan dengan: konsentrasi\n• [Saat Bencana] nab pm10: Batas konsentrasi polusi udara yang diperbolehkan berada dalam udara ambien.\n• [Saat Bencana] nab pm10 berkaitan dengan: konsentrasi\n• [Saat Bencana] rambu: Rambu yang menunjukkan kawasan hutan memiliki ancaman atau rawan kebakaran hutan.\n• [Saat Bencana] rambu berkaitan dengan: hutan\n• [Pra Bencana] masyarakat: Kelompok orang yang tinggal di sekitar hutan\n• [Pra Bencana] masyarakat berkaitan dengan: warga, bpbd\n• [Pra Bencana] masyarakat terkait dengan: kon\uf002ik sosial, kerusuhan sosial, bpbd\n• [Pra Bencana] rumput dan puing puing: Material yang tidak diperbolehkan untuk dibakar\n• [Pra Bencana] catatan harta: Dokumentasi aset yang dibuat melalui foto dan dokumen\n• [Pra Bencana] catatan harta terkait dengan: harta dan kepemilikan, pergeseran tanah\n• [Saat Bencana] api: Sumber bahaya yang harus dipadamkan\n• [Saat Bencana] api berkaitan dengan: hutan, bangunan\n• [Saat Bencana] api terkait dengan: angin kencang, aktivitas pembakaran\n• [Saat Bencana] 50 kaki: Jarak minimal pembakaran dari bangunan\n• [Saat Bencana] 500 kaki: Jarak minimal pembakaran dari hutan\n• [Saat Bencana] warga: Orang-orang yang melakukan pembakaran\n• [Saat Bencana] warga berkaitan dengan: pembakaran, aktivitas pembakaran, menjaga jarak 50 kaki, menjaga jarak 500 kaki, memastikan api mati\n• [Saat Bencana] warga terkait dengan: masyarakat\n• [Saat Bencana] cuaca berangin: Kondisi cuaca yang meningkatkan risiko kebakaran\n• [Saat Bencana] cuaca berangin berkaitan dengan: angin kencang\n• [Saat Bencana] dokter: Profesional medis yang harus segera dikonsultasi\n• [Saat Bencana] dokter berkaitan dengan: gangguan jantung atau paru-paru\n• [Saat Bencana] dokter terkait dengan: warga\n• [Saat Bencana] gangguan jantung atau paru-paru: Kondisi medis yang memerlukan perhatian medis segera\n• [Saat Bencana] gangguan jantung atau paru-paru terkait dengan: dokter\n• [Saat Bencana] air putih, buah dan makanan bergizi: Makanan yang harus dikonsumsi untuk kesehatan\n• [Saat Bencana] air conditioner (ac): Peralatan pendingin ruangan yang digunakan untuk menjaga udara dalam ruangan sebersih mungkin.\n• [Saat Bencana] pusat: Tempat perlindungan untuk menghindari dampak pengap saat tidak dapat tinggal di rumah.']","1.  Pm10 berkaitan dengan konsentrasi partikel udara yang berukuran lebih kecil dari 10 mikron (mikrometer).
2.  Gangguan jantung atau paru-paru terkait dengan dokter.
3.  Karhutla berkaitan dengan kerusakan.
4.  Air conditioner (ac) berkaitan dengan menjaga udara dalam ruangan sebersih mungkin.
5.  Dokter berkaitan dengan gangguan jantung atau paru-paru.","Dokumen mengaitkan dampak kesehatan dengan kualitas udara/konsentrasi partikulat PM10 -- semakin tinggi konsentrasi PM10 (kategori Tidak Sehat hingga Berbahaya), semakin berisiko bagi kesehatan, sehingga dianjurkan segera periksa ke dokter bila memiliki gangguan jantung atau paru-paru.",0.8333333333333334,,0.9999999999,0.4684604756003326
Bagaimana cara melaporkan kebakaran hutan yang ditemukan?,"['• [Pra Bencana] angin kencang: Istilah bencana lokal dari Angin Puting Beliung untuk Kabupaten Bogor.\n• [Pra Bencana] angin kencang berkaitan dengan: kabupaten bogor, 5 bencana kabupaten bogor, api\n• [Pra Bencana] angin kencang terkait dengan: cuaca berangin, memperhatikan tanda-tanda\n• [Pra Bencana] hutan: Hutan adalah area yang tertutup pepohonan.\n• [Pra Bencana] hutan terkait dengan: api, rambu\n• [Pra Bencana] foto: Representasi visual yang dibuat menggunakan kamera.\n• [Pra Bencana] foto berkaitan dengan: harta dan kepemilikan\n• [Pra Bencana] foto terkait dengan: harta\n• [Pra Bencana] dokumen: Catatan dan bukti yang relevan.\n• [Pra Bencana] dokumen terkait dengan: harta\n• [Saat Bencana] rumah: Bangunan tempat tinggal.\n• [Saat Bencana] rumah berkaitan dengan: evakuasi, konstruksi tahan gempa, tetap berada di bawah meja\n• [Saat Bencana] rumah terkait dengan: anda\n• [Pra Bencana] tempat yang aman: Lokasi penyimpanan dokumen harta\n• [Pra Bencana] tempat yang aman terkait dengan: dokumen penting\n• [Pra Bencana] bangunan: Struktur yang harus dijauhkan dari api\n• [Pra Bencana] bangunan terkait dengan: api, anda\n• [Pasca Bencana] harta dan kepemilikan: Aset atau barang berharga yang dimiliki seseorang.\n• [Pasca Bencana] harta dan kepemilikan berkaitan dengan: dokumentasi, catatan harta\n• [Pasca Bencana] harta dan kepemilikan terkait dengan: pergeseran tanah, foto\n• [Pra Bencana] karhutla: Keadaan lahan dan hutan yang dilanda api sehingga mengakibatkan kerusakan dan dampak yang merugikan.\n• [Pra Bencana] karhutla berkaitan dengan: kerusakan\n• [Saat Bencana] pm10: Partikel udara yang berukuran lebih kecil dari 10 mikron (mikrometer).\n• [Saat Bencana] pm10 berkaitan dengan: konsentrasi\n• [Saat Bencana] nab pm10: Batas konsentrasi polusi udara yang diperbolehkan berada dalam udara ambien.\n• [Saat Bencana] nab pm10 berkaitan dengan: konsentrasi\n• [Saat Bencana] rambu: Rambu yang menunjukkan kawasan hutan memiliki ancaman atau rawan kebakaran hutan.\n• [Saat Bencana] rambu berkaitan dengan: hutan\n• [Pra Bencana] masyarakat: Kelompok orang yang tinggal di sekitar hutan\n• [Pra Bencana] masyarakat berkaitan dengan: warga, bpbd\n• [Pra Bencana] masyarakat terkait dengan: kon\uf002ik sosial, kerusuhan sosial, bpbd\n• [Pra Bencana] rumput dan puing puing: Material yang tidak diperbolehkan untuk dibakar\n• [Pra Bencana] catatan harta: Dokumentasi aset yang dibuat melalui foto dan dokumen\n• [Pra Bencana] catatan harta terkait dengan: harta dan kepemilikan, pergeseran tanah\n• [Saat Bencana] api: Sumber bahaya yang harus dipadamkan\n• [Saat Bencana] api berkaitan dengan: hutan, bangunan\n• [Saat Bencana] api terkait dengan: angin kencang, aktivitas pembakaran\n• [Saat Bencana] 50 kaki: Jarak minimal pembakaran dari bangunan\n• [Saat Bencana] 500 kaki: Jarak minimal pembakaran dari hutan\n• [Saat Bencana] warga: Orang-orang yang melakukan pembakaran\n• [Saat Bencana] warga berkaitan dengan: pembakaran, aktivitas pembakaran, menjaga jarak 50 kaki, menjaga jarak 500 kaki, memastikan api mati\n• [Saat Bencana] warga terkait dengan: masyarakat\n• [Saat Bencana] cuaca berangin: Kondisi cuaca yang meningkatkan risiko kebakaran\n• [Saat Bencana] cuaca berangin berkaitan dengan: angin kencang\n• [Saat Bencana] dokter: Profesional medis yang harus segera dikonsultasi\n• [Saat Bencana] dokter berkaitan dengan: gangguan jantung atau paru-paru\n• [Saat Bencana] dokter terkait dengan: warga\n• [Saat Bencana] gangguan jantung atau paru-paru: Kondisi medis yang memerlukan perhatian medis segera\n• [Saat Bencana] gangguan jantung atau paru-paru terkait dengan: dokter\n• [Saat Bencana] air putih, buah dan makanan bergizi: Makanan yang harus dikonsumsi untuk kesehatan\n• [Saat Bencana] air conditioner (ac): Peralatan pendingin ruangan yang digunakan untuk menjaga udara dalam ruangan sebersih mungkin.\n• [Saat Bencana] pusat: Tempat perlindungan untuk menghindari dampak pengap saat tidak dapat tinggal di rumah.']","**Pra Bencana:**
1. Laporkan segera jika Anda melihat potensi kebakaran hutan, terutama saat cuaca berangin.
2. Perhatikan rambu-rambu yang menunjukkan kawasan hutan rawan kebakaran hutan.
3. Catat atau ambil foto sebagai bukti jika Anda menemukan aktivitas pembakaran yang mencurigakan.

**Saat Bencana:**
1.  Jika terjadi kebakaran hutan, segera laporkan ke petugas BPBD Kabupaten Bogor.
2.  Jaga jarak minimal 50 kaki dari api, terutama dari bangunan.
3.  Prioritaskan keselamatan diri dan segera cari pertolongan medis jika ada gangguan jantung atau paru-paru.

**Pasca Bencana:**
1.  Laporkan kerusakan harta dan kepemilikan akibat kebakaran hutan kepada BPBD.
2.  Dokumentasikan kerusakan dengan foto dan catat secara rinci untuk keperluan klaim.
3.  Konsultasikan dengan dokter untuk penanganan kesehatan akibat asap atau luka bakar.","Bila api terus menjalar, segera laporkan kepada Posko Kebakaran atau pihak terkait.",1.0,,0.9999999999,0.7330250872670572
Apa yang harus dilakukan setelah kebakaran hutan padam?,"['• [Pasca Bencana] harta dan kepemilikan: Aset atau barang berharga yang dimiliki seseorang.\n• [Pasca Bencana] harta dan kepemilikan berkaitan dengan: dokumentasi, catatan harta\n• [Pasca Bencana] harta dan kepemilikan terkait dengan: pergeseran tanah, foto']","Tentu, saya akan bantu. Berikut langkah-langkah yang perlu dilakukan setelah kebakaran hutan padam:

1.  Setelah api padam, penting untuk mencatat semua barang dan kepemilikan yang rusak atau hilang.
2.  Buatlah catatan rinci mengenai aset atau barang berharga yang Anda miliki.
3.  Ambil foto-foto untuk mendokumentasikan kerusakan yang terjadi pada harta benda Anda.
4.  Catatan ini akan sangat membantu saat mengajukan klaim atau permohonan bantuan.
5.  Pastikan Anda menyimpan semua bukti dan dokumentasi terkait harta dan kepemilikan Anda.",Dokumen Karhutla tidak menyebutkan bagian Pasca Bencana secara eksplisit/terpisah.,0.0,,0.9999999999,0.7711743122818057
Bagaimana cara menghadapi bencana kekeringan?,"['• [Saat Bencana] pihak yang berwenang: Organisasi atau individu yang memiliki kewenangan dalam situasi bencana.\n• [Saat Bencana] pihak yang berwenang berkaitan dengan: melapor dan meminta bantuan air bersih, keluarga\n• [Pra Bencana] kekeringan: Kekeringan merupakan kondisi kekurangan pasokan air dari curah hujan dalam jangka waktu tertentu.\n• [Pra Bencana] kekeringan berkaitan dengan: korban jiwa manusia, kerusakan lingkungan, kerugian harta benda, dampak psikologis, 5 bencana kabupaten bogor\n• [Pra Bencana] kekeringan terkait dengan: air hujan, sumber/mata air, waduk/embung\n• [Pra Bencana] waduk/embung: Struktur untuk menampung air hujan.\n• [Pra Bencana] waduk/embung berkaitan dengan: kekeringan\n• [Pra Bencana] tandon air: Struktur untuk menampung air hujan di sekitar pekarangan rumah.\n• [Pra Bencana] mulsa: Material penutup tanaman budidaya.\n• [Pra Bencana] mulsa berkaitan dengan: kekeringan\n• [Pra Bencana] radio: Perangkat elektronik untuk menerima siaran.\n• [Pra Bencana] radio berkaitan dengan: penanganan darurat, simak informasi terkini\n• [Pra Bencana] televisi: Perangkat elektronik untuk menerima siaran visual.\n• [Pra Bencana] televisi berkaitan dengan: penanganan darurat, simak informasi terkini\n• [Pra Bencana] media online: Platform digital untuk penyebaran informasi.\n• [Pra Bencana] media online berkaitan dengan: penanganan darurat, simak informasi terkini\n• [Saat Bencana] sumur resapan: Struktur untuk menampung air bawah tanah.\n• [Saat Bencana] sumur resapan berkaitan dengan: membuat sumur resapan\n• [Saat Bencana] biopori: Teknik pembuatan sumur resapan.\n• [Saat Bencana] biopori berkaitan dengan: membuat sumur resapan\n• [Saat Bencana] waduk/bendungan: Struktur untuk menampung air hujan.\n• [Saat Bencana] waduk/bendungan berkaitan dengan: membuat waduk/bendungan\n• [Pra Bencana] sumber/mata air berkaitan dengan: kekeringan\n• [Pra Bencana] air hujan berkaitan dengan: kekeringan\n• [Pra Bencana] sumber informasi resmi pemerintah berkaitan dengan: simak informasi terkini']","**Pra Bencana:**

1. Pantau terus informasi mengenai kekeringan, terutama dari sumber informasi resmi pemerintah.
2. Pastikan Anda memiliki radio untuk simak informasi terkini saat terjadi kekeringan.
3. Siapkan tandon air dan mulsa untuk mengurangi dampak kekeringan pada tanaman.

**Saat Bencana:**

1. Maksimalkan penggunaan sumur resapan dan biopori untuk memanfaatkan air hujan.
2. Jika terjadi kekeringan ekstrem, buat waduk/bendungan untuk menampung air hujan.
3. Laporkan kebutuhan air bersih, keluarga Anda kepada pihak yang berwenang.

**Pasca Bencana:**

1. Pantau terus sumber air hujan, sumber/mata air, dan waduk/embung untuk mencegah kekeringan kembali.
2. Perbaiki kerusakan lingkungan akibat kekeringan.
3. Kelola air hujan dengan baik menggunakan tandon air dan mulsa.","Sebelum kekeringan, jaga sumber/mata air, gunakan air dengan bijak, jangan merusak hutan/kawasan cagar alam, dan buat waduk/embung untuk menampung air hujan. Saat kekeringan terjadi, laporkan dan minta bantuan air bersih ke pihak berwenang, atur jadwal penggunaan air, ikuti pelaksanaan hujan buatan/TMC bila ada, dan simak informasi dari radio/TV/media online/sumber resmi pemerintah.",1.0,,0.9999999999,0.7301757463953417
Apa sumber air yang bisa dimanfaatkan saat kekeringan?,"['• [Saat Bencana] pihak yang berwenang: Organisasi atau individu yang memiliki kewenangan dalam situasi bencana.\n• [Saat Bencana] pihak yang berwenang berkaitan dengan: melapor dan meminta bantuan air bersih, keluarga\n• [Saat Bencana] sumur resapan: Struktur untuk menampung air bawah tanah.\n• [Saat Bencana] sumur resapan berkaitan dengan: membuat sumur resapan\n• [Saat Bencana] biopori: Teknik pembuatan sumur resapan.\n• [Saat Bencana] biopori berkaitan dengan: membuat sumur resapan\n• [Saat Bencana] waduk/bendungan: Struktur untuk menampung air hujan.\n• [Saat Bencana] waduk/bendungan berkaitan dengan: membuat waduk/bendungan']","Tentu, dengan senang hati saya bantu! Berikut adalah informasi mengenai sumber air yang bisa dimanfaatkan saat kekeringan, berdasarkan data yang ada:

1.  Saat terjadi kekeringan, Anda bisa melaporkan dan meminta bantuan air bersih kepada pihak yang berwenang.
2.  Kita bisa membuat sumur resapan.
3.  Untuk membuat sumur resapan, bisa menggunakan teknik biopori.
4.  Ada juga struktur bernama waduk atau bendungan yang bisa dimanfaatkan.
","Dokumen menyebutkan pembuatan waduk/embung secara kolektif untuk menampung air hujan yang dipergunakan saat musim kemarau, serta tandon air di pekarangan rumah untuk menampung air hujan sebagai sumber cadangan.",0.75,,0.9999999999,0.6705203077559969
Bagaimana cara mendapatkan informasi saat terjadi kekeringan?,"['• [Saat Bencana] pihak yang berwenang: Organisasi atau individu yang memiliki kewenangan dalam situasi bencana.\n• [Saat Bencana] pihak yang berwenang berkaitan dengan: melapor dan meminta bantuan air bersih, keluarga\n• [Saat Bencana] sumur resapan: Struktur untuk menampung air bawah tanah.\n• [Saat Bencana] sumur resapan berkaitan dengan: membuat sumur resapan\n• [Saat Bencana] biopori: Teknik pembuatan sumur resapan.\n• [Saat Bencana] biopori berkaitan dengan: membuat sumur resapan\n• [Saat Bencana] waduk/bendungan: Struktur untuk menampung air hujan.\n• [Saat Bencana] waduk/bendungan berkaitan dengan: membuat waduk/bendungan']","Tentu, saya akan bantu menjelaskan bagaimana cara mendapatkan informasi saat terjadi kekeringan berdasarkan informasi yang tersedia.

1.  Jika Anda membutuhkan bantuan air bersih, segera laporkan kebutuhan Anda kepada pihak yang berwenang.
2.  Pihak yang berwenang akan membantu menyediakan air bersih bagi Anda dan keluarga.
3.  Anda bisa membuat sumur resapan dengan menggunakan teknik biopori.
4.  Biopori adalah teknik pembuatan sumur resapan yang efektif.
5.  Membuat waduk atau bendungan juga bisa menjadi solusi untuk mengatasi kekeringan.","Simak informasi terkini dari radio, televisi, media online, dan sumber informasi resmi pemerintah.",0.6666666666666666,,0.0,0.7191067182575533
Apa dampak bencana kekeringan bagi masyarakat?,"['• [Saat Bencana] pihak yang berwenang: Organisasi atau individu yang memiliki kewenangan dalam situasi bencana.\n• [Saat Bencana] pihak yang berwenang berkaitan dengan: melapor dan meminta bantuan air bersih, keluarga\n• [Pra Bencana] kekeringan: Kekeringan merupakan kondisi kekurangan pasokan air dari curah hujan dalam jangka waktu tertentu.\n• [Pra Bencana] kekeringan berkaitan dengan: korban jiwa manusia, kerusakan lingkungan, kerugian harta benda, dampak psikologis, 5 bencana kabupaten bogor\n• [Pra Bencana] kekeringan terkait dengan: air hujan, sumber/mata air, waduk/embung\n• [Pra Bencana] waduk/embung: Struktur untuk menampung air hujan.\n• [Pra Bencana] waduk/embung berkaitan dengan: kekeringan\n• [Pra Bencana] tandon air: Struktur untuk menampung air hujan di sekitar pekarangan rumah.\n• [Pra Bencana] mulsa: Material penutup tanaman budidaya.\n• [Pra Bencana] mulsa berkaitan dengan: kekeringan\n• [Pra Bencana] radio: Perangkat elektronik untuk menerima siaran.\n• [Pra Bencana] radio berkaitan dengan: penanganan darurat, simak informasi terkini\n• [Pra Bencana] televisi: Perangkat elektronik untuk menerima siaran visual.\n• [Pra Bencana] televisi berkaitan dengan: penanganan darurat, simak informasi terkini\n• [Pra Bencana] media online: Platform digital untuk penyebaran informasi.\n• [Pra Bencana] media online berkaitan dengan: penanganan darurat, simak informasi terkini\n• [Saat Bencana] sumur resapan: Struktur untuk menampung air bawah tanah.\n• [Saat Bencana] sumur resapan berkaitan dengan: membuat sumur resapan\n• [Saat Bencana] biopori: Teknik pembuatan sumur resapan.\n• [Saat Bencana] biopori berkaitan dengan: membuat sumur resapan\n• [Saat Bencana] waduk/bendungan: Struktur untuk menampung air hujan.\n• [Saat Bencana] waduk/bendungan berkaitan dengan: membuat waduk/bendungan\n• [Pra Bencana] sumber/mata air berkaitan dengan: kekeringan\n• [Pra Bencana] air hujan berkaitan dengan: kekeringan\n• [Pra Bencana] sumber informasi resmi pemerintah berkaitan dengan: simak informasi terkini']","Berikut adalah dampak bencana kekeringan bagi masyarakat berdasarkan informasi yang tersedia:

1.  Korban jiwa manusia.
2.  Kerusakan lingkungan.
3.  Kerugian harta benda.
4.  Dampak psikologis.
5.  Kekeringan terjadi di 5 kabupaten Bogor.
","Kekeringan berakibat pada kekurangan air untuk berbagai sektor kegiatan, kelompok, atau lingkungan masyarakat. Dokumen tidak merinci dampak lain secara spesifik.",1.0,,0.9999999999,0.7444713388035868
Bagaimana cara menghemat air saat kekeringan?,"['• [Saat Bencana] pihak yang berwenang: Organisasi atau individu yang memiliki kewenangan dalam situasi bencana.\n• [Saat Bencana] pihak yang berwenang berkaitan dengan: melapor dan meminta bantuan air bersih, keluarga\n• [Saat Bencana] sumur resapan: Struktur untuk menampung air bawah tanah.\n• [Saat Bencana] sumur resapan berkaitan dengan: membuat sumur resapan\n• [Saat Bencana] biopori: Teknik pembuatan sumur resapan.\n• [Saat Bencana] biopori berkaitan dengan: membuat sumur resapan\n• [Saat Bencana] waduk/bendungan: Struktur untuk menampung air hujan.\n• [Saat Bencana] waduk/bendungan berkaitan dengan: membuat waduk/bendungan']","Tentu, saya akan bantu. Berikut adalah cara menghemat air saat kekeringan, berdasarkan informasi yang tersedia:

1.  Jika Anda membutuhkan bantuan air bersih, segera laporkan ke pihak yang berwenang.
2.  Anda bisa membuat sumur resapan.
3.  Gunakan teknik biopori untuk membuat sumur resapan.
4.  Membuat waduk/bendungan bisa membantu menghemat air.","Gunakan air dengan bijak, atur jadwal penggunaan air yang masih tersedia, serta manfaatkan waduk/embung dan tandon air di pekarangan rumah sebagai cadangan air.",0.0,,0.9999999999,0.7935708186736203
Apa yang harus dilakukan petani saat musim kekeringan?,"['• [Saat Bencana] pihak yang berwenang: Organisasi atau individu yang memiliki kewenangan dalam situasi bencana.\n• [Saat Bencana] pihak yang berwenang berkaitan dengan: melapor dan meminta bantuan air bersih, keluarga\n• [Saat Bencana] sumur resapan: Struktur untuk menampung air bawah tanah.\n• [Saat Bencana] sumur resapan berkaitan dengan: membuat sumur resapan\n• [Saat Bencana] biopori: Teknik pembuatan sumur resapan.\n• [Saat Bencana] biopori berkaitan dengan: membuat sumur resapan\n• [Saat Bencana] waduk/bendungan: Struktur untuk menampung air hujan.\n• [Saat Bencana] waduk/bendungan berkaitan dengan: membuat waduk/bendungan']","Baik, Bapak/Ibu, saat musim kekeringan, berikut yang bisa dilakukan:

1.  Laporkan kebutuhan air bersih kepada pihak yang berwenang, termasuk permintaan bantuan air bersih untuk keluarga.
2.  Buat sumur resapan menggunakan teknik biopori.
3.  Membuat sumur resapan.
4.  Membuat waduk/bendungan.","Dalam konteks pertanian, petani dapat memanfaatkan mulsa (material penutup tanaman budidaya) untuk menjaga kelembaban tanah serta menekan pertumbuhan gulma dan penyakit sehingga tanaman dapat tumbuh dengan baik.",0.6,,0.9999999999,0.6805213566272389
Bagaimana cara mencegah kekeringan di tingkat rumah tangga?,"['• [Pra Bencana] kekeringan: Kekeringan merupakan kondisi kekurangan pasokan air dari curah hujan dalam jangka waktu tertentu.\n• [Pra Bencana] kekeringan berkaitan dengan: korban jiwa manusia, kerusakan lingkungan, kerugian harta benda, dampak psikologis, 5 bencana kabupaten bogor\n• [Pra Bencana] kekeringan terkait dengan: air hujan, sumber/mata air, waduk/embung\n• [Pra Bencana] waduk/embung: Struktur untuk menampung air hujan.\n• [Pra Bencana] waduk/embung berkaitan dengan: kekeringan\n• [Pra Bencana] tandon air: Struktur untuk menampung air hujan di sekitar pekarangan rumah.\n• [Pra Bencana] mulsa: Material penutup tanaman budidaya.\n• [Pra Bencana] mulsa berkaitan dengan: kekeringan\n• [Pra Bencana] radio: Perangkat elektronik untuk menerima siaran.\n• [Pra Bencana] radio berkaitan dengan: penanganan darurat, simak informasi terkini\n• [Pra Bencana] televisi: Perangkat elektronik untuk menerima siaran visual.\n• [Pra Bencana] televisi berkaitan dengan: penanganan darurat, simak informasi terkini\n• [Pra Bencana] media online: Platform digital untuk penyebaran informasi.\n• [Pra Bencana] media online berkaitan dengan: penanganan darurat, simak informasi terkini\n• [Pra Bencana] sumber/mata air berkaitan dengan: kekeringan\n• [Pra Bencana] air hujan berkaitan dengan: kekeringan\n• [Pra Bencana] sumber informasi resmi pemerintah berkaitan dengan: simak informasi terkini']","Tentu, ini beberapa hal yang bisa Anda lakukan di rumah untuk mencegah kekeringan:

1.  Pastikan Anda memiliki tandon air untuk menampung air hujan.
2.  Gunakan mulsa sebagai penutup tanaman, ini bisa membantu mengurangi kelembapan tanah.
3.  Perhatikan sumber/mata air dan waduk/embung untuk memantau kondisi air.
4.  Selalu ikuti informasi terkini dari sumber informasi resmi pemerintah.
5.  Pantau terus air hujan dan kondisi air di sekitar rumah Anda.","Menjaga sumber/mata air, menggunakan air dengan bijak, tidak merusak hutan/kawasan cagar alam, serta membuat tandon air di pekarangan rumah untuk menampung air hujan.",0.8888888888888888,,0.9999999999,0.6595009529937984
Apa yang dilakukan pemerintah saat terjadi bencana kekeringan?,"['• [Saat Bencana] pihak yang berwenang: Organisasi atau individu yang memiliki kewenangan dalam situasi bencana.\n• [Saat Bencana] pihak yang berwenang berkaitan dengan: melapor dan meminta bantuan air bersih, keluarga\n• [Saat Bencana] sumur resapan: Struktur untuk menampung air bawah tanah.\n• [Saat Bencana] sumur resapan berkaitan dengan: membuat sumur resapan\n• [Saat Bencana] biopori: Teknik pembuatan sumur resapan.\n• [Saat Bencana] biopori berkaitan dengan: membuat sumur resapan\n• [Saat Bencana] waduk/bendungan: Struktur untuk menampung air hujan.\n• [Saat Bencana] waduk/bendungan berkaitan dengan: membuat waduk/bendungan']","Baik, ini jawaban saya sebagai asisten mitigasi bencana BPBD Kabupaten Bogor:

1.  Saat terjadi bencana kekeringan, pemerintah akan meminta bantuan air bersih bagi keluarga yang membutuhkan.
2.  Pemerintah akan melakukan pembuatan sumur resapan.
3.  Pemerintah akan melakukan pembuatan sumur resapan menggunakan teknik biopori.
4.  Pemerintah akan melakukan pembuatan waduk/bendungan.
5.  Pemerintah akan melibatkan pihak yang berwenang untuk melapor dan meminta bantuan.","Dokumen menyebutkan pelaksanaan hujan buatan/Teknologi Modifikasi Cuaca (TMC) sebagai salah satu langkah saat bencana kekeringan, serta penyediaan informasi resmi melalui media (radio, TV, media online).",1.0,,0.0,0.6688035408541811
Apa tanda-tanda awal terjadinya kekeringan?,"['• [Saat Bencana] pihak yang berwenang: Organisasi atau individu yang memiliki kewenangan dalam situasi bencana.\n• [Saat Bencana] pihak yang berwenang berkaitan dengan: melapor dan meminta bantuan air bersih, keluarga\n• [Pra Bencana] kekeringan: Kekeringan merupakan kondisi kekurangan pasokan air dari curah hujan dalam jangka waktu tertentu.\n• [Pra Bencana] kekeringan berkaitan dengan: korban jiwa manusia, kerusakan lingkungan, kerugian harta benda, dampak psikologis, 5 bencana kabupaten bogor\n• [Pra Bencana] kekeringan terkait dengan: air hujan, sumber/mata air, waduk/embung\n• [Pra Bencana] waduk/embung: Struktur untuk menampung air hujan.\n• [Pra Bencana] waduk/embung berkaitan dengan: kekeringan\n• [Pra Bencana] tandon air: Struktur untuk menampung air hujan di sekitar pekarangan rumah.\n• [Pra Bencana] mulsa: Material penutup tanaman budidaya.\n• [Pra Bencana] mulsa berkaitan dengan: kekeringan\n• [Pra Bencana] radio: Perangkat elektronik untuk menerima siaran.\n• [Pra Bencana] radio berkaitan dengan: penanganan darurat, simak informasi terkini\n• [Pra Bencana] televisi: Perangkat elektronik untuk menerima siaran visual.\n• [Pra Bencana] televisi berkaitan dengan: penanganan darurat, simak informasi terkini\n• [Pra Bencana] media online: Platform digital untuk penyebaran informasi.\n• [Pra Bencana] media online berkaitan dengan: penanganan darurat, simak informasi terkini\n• [Saat Bencana] sumur resapan: Struktur untuk menampung air bawah tanah.\n• [Saat Bencana] sumur resapan berkaitan dengan: membuat sumur resapan\n• [Saat Bencana] biopori: Teknik pembuatan sumur resapan.\n• [Saat Bencana] biopori berkaitan dengan: membuat sumur resapan\n• [Saat Bencana] waduk/bendungan: Struktur untuk menampung air hujan.\n• [Saat Bencana] waduk/bendungan berkaitan dengan: membuat waduk/bendungan\n• [Pra Bencana] sumber/mata air berkaitan dengan: kekeringan\n• [Pra Bencana] air hujan berkaitan dengan: kekeringan\n• [Pra Bencana] sumber informasi resmi pemerintah berkaitan dengan: simak informasi terkini']","**Pra Bencana:**
1. Kekeringan merupakan kondisi kekurangan pasokan air dari curah hujan.
2. Kekeringan berkaitan dengan dampak psikologis, kerusakan lingkungan, kerugian harta benda, dan potensi korban jiwa manusia.
3. Sumber/mata air mengalami berkurangnya debitnya.

**Saat Bencana:**
1.  Waduk/bendungan dan waduk/embung berperan penting dalam mitigasi kekeringan.
2.  Sumur resapan dan biopori dapat dibuat untuk membantu mengatasi kekurangan air.
3.  Air hujan mengalami berkurangnya volume.

**Pasca Bencana:**
1.  Tidak ada informasi terkait pasca bencana yang tersedia dalam data.",Dokumen tidak menyebutkan tanda-tanda awal kekeringan secara eksplisit; kekeringan didefinisikan sebagai kondisi kekurangan pasokan air dari curah hujan dalam jangka waktu tertentu (biasanya satu musim atau lebih).,1.0,,0.9999999999,0.674497287859567
Bagaimana cara memanen air hujan untuk menghadapi kekeringan?,"['• [Saat Bencana] pihak yang berwenang: Organisasi atau individu yang memiliki kewenangan dalam situasi bencana.\n• [Saat Bencana] pihak yang berwenang berkaitan dengan: melapor dan meminta bantuan air bersih, keluarga\n• [Pra Bencana] kekeringan: Kekeringan merupakan kondisi kekurangan pasokan air dari curah hujan dalam jangka waktu tertentu.\n• [Pra Bencana] kekeringan berkaitan dengan: korban jiwa manusia, kerusakan lingkungan, kerugian harta benda, dampak psikologis, 5 bencana kabupaten bogor\n• [Pra Bencana] kekeringan terkait dengan: air hujan, sumber/mata air, waduk/embung\n• [Pra Bencana] waduk/embung: Struktur untuk menampung air hujan.\n• [Pra Bencana] waduk/embung berkaitan dengan: kekeringan\n• [Pra Bencana] tandon air: Struktur untuk menampung air hujan di sekitar pekarangan rumah.\n• [Pra Bencana] mulsa: Material penutup tanaman budidaya.\n• [Pra Bencana] mulsa berkaitan dengan: kekeringan\n• [Pra Bencana] radio: Perangkat elektronik untuk menerima siaran.\n• [Pra Bencana] radio berkaitan dengan: penanganan darurat, simak informasi terkini\n• [Pra Bencana] televisi: Perangkat elektronik untuk menerima siaran visual.\n• [Pra Bencana] televisi berkaitan dengan: penanganan darurat, simak informasi terkini\n• [Pra Bencana] media online: Platform digital untuk penyebaran informasi.\n• [Pra Bencana] media online berkaitan dengan: penanganan darurat, simak informasi terkini\n• [Saat Bencana] sumur resapan: Struktur untuk menampung air bawah tanah.\n• [Saat Bencana] sumur resapan berkaitan dengan: membuat sumur resapan\n• [Saat Bencana] biopori: Teknik pembuatan sumur resapan.\n• [Saat Bencana] biopori berkaitan dengan: membuat sumur resapan\n• [Saat Bencana] waduk/bendungan: Struktur untuk menampung air hujan.\n• [Saat Bencana] waduk/bendungan berkaitan dengan: membuat waduk/bendungan\n• [Pra Bencana] sumber/mata air berkaitan dengan: kekeringan\n• [Pra Bencana] air hujan berkaitan dengan: kekeringan\n• [Pra Bencana] sumber informasi resmi pemerintah berkaitan dengan: simak informasi terkini']","**Pra Bencana:**
1.  Anda bisa memanfaatkan tandon air untuk menampung air hujan.
2.  Gunakan mulsa untuk membantu mengurangi kekeringan pada tanaman.
3.  Simak informasi terkini mengenai kekeringan melalui radio, televisi, atau media online.

**Saat Bencana:**
1.  Buat sumur resapan menggunakan biopori.
2.  Manfaatkan waduk/bendungan yang ada.
3.  Laporkan kebutuhan air bersih kepada pihak yang berwenang.

**Pasca Bencana:**
Tidak ada informasi relevan.","Secara kolektif membuat waduk atau embung untuk menampung air hujan yang dipergunakan saat musim kemarau, dan membuat tandon air di sekitar pekarangan rumah untuk menampung air hujan bagi kebutuhan keluarga.",0.8571428571428571,,0.9999999999,0.6666234997630037
Bagaimana cara mitigasi pergeseran tanah?,"['• [Pra Bencana] curah hujan: Hujan, terutama curah hujan ekstrem, yang dapat menyebabkan penumpukan air berlebihan.\n• [Pra Bencana] curah hujan berkaitan dengan: banjir, longsor, penumpukan air, kerusakan, tanah longsor\n• [Pra Bencana] drainase: Sistem drainase yang baik untuk mengurangi penumpukan air.\n• [Pra Bencana] drainase berkaitan dengan: kestabilan tanah, stabilitas lereng\n• [Pra Bencana] foto: Representasi visual yang dibuat menggunakan kamera.\n• [Pra Bencana] foto berkaitan dengan: harta dan kepemilikan\n• [Pra Bencana] foto terkait dengan: harta\n• [Pra Bencana] dokumen: Catatan dan bukti yang relevan.\n• [Pra Bencana] dokumen terkait dengan: harta\n• [Pra Bencana] catatan harta: Dokumentasi aset yang dibuat melalui foto dan dokumen\n• [Pra Bencana] catatan harta terkait dengan: harta dan kepemilikan, pergeseran tanah\n• [Pra Bencana] pergeseran tanah: Perpindahan lapisan tanah tanpa kehilangan kontinuitas, berbeda dengan tanah longsor.\n• [Pra Bencana] pergeseran tanah berkaitan dengan: area yang rawan pergeseran tanah, 5 bencana kabupaten bogor, harta dan kepemilikan, evakuasi, catatan harta\n• [Pra Bencana] tanah longsor: Pergerakan tiba-tiba dan cepat dari sejumlah besar tanah ke bawah lereng.\n• [Pra Bencana] tanah longsor berkaitan dengan: korban jiwa manusia, kerusakan lingkungan, kerugian harta benda, dampak psikologis, 5 bencana kabupaten bogor\n• [Pra Bencana] tanah longsor terkait dengan: curah hujan, lereng terjal, tanah yang kurang padat\n• [Pra Bencana] perkuatan struktur tanah: Penerapan teknik-teknik perkuatan tanah seperti injeksi grouting atau pemasangan dinding penahan tanah.\n• [Pra Bencana] perkuatan struktur tanah berkaitan dengan: meningkatkan kestabilan\n• [Pra Bencana] retensi tanaman dan vegetasi: Menanam tanaman yang memiliki akar kuat untuk meredam erosi.\n• [Pra Bencana] retensi tanaman dan vegetasi berkaitan dengan: erosi\n• [Pra Bencana] pembatas tanah: Untuk mengurangi tekanan dan mencegah pergerakan tanah.\n• [Pra Bencana] pembatas tanah berkaitan dengan: pergerakan tanah\n• [Pra Bencana] geosensor: Alat pemantauan untuk mendeteksi perubahan dalam kondisi tanah.\n• [Pra Bencana] geosensor berkaitan dengan: perubahan kondisi tanah\n• [Pra Bencana] regulasi setempat: Regulasi setempat merujuk pada peraturan atau undang-undang yang berlaku di wilayah tertentu.\n• [Pra Bencana] regulasi setempat terkait dengan: pergeseran tanah\n• [Pra Bencana] peraturan bangunan: Peraturan bangunan adalah aturan yang mengatur pembangunan bangunan.\n• [Pra Bencana] peraturan bangunan terkait dengan: pergeseran tanah\n• [Pra Bencana] risiko pergeseran tanah: Merupakan potensi bahaya yang berkaitan dengan gerakan tanah.\n• [Pra Bencana] ahli geoteknik: Profesional yang memiliki keahlian dalam bidang geoteknik, yaitu ilmu tentang interaksi antara tanah dan struktur.\n• [Pra Bencana] ahli geoteknik berkaitan dengan: tindakan pencegahan atau rekayasa tanah\n• [Pra Bencana] sistem pemantauan berkaitan dengan: deteksi potensi masalah']","1.  Kita perlu memastikan sistem drainase berfungsi dengan baik untuk mengurangi penumpukan air yang bisa memicu pergeseran tanah.
2.  Menanam tanaman dengan akar kuat, seperti retensi tanaman dan vegetasi, dapat membantu meredam erosi dan menstabilkan lereng.
3.  Perkuatan struktur tanah, seperti pemasangan dinding penahan tanah, bisa meningkatkan kestabilan lereng.
4.  Penting untuk mendokumentasikan harta dan kepemilikan kita dengan foto dan dokumen untuk memudahkan proses penilaian kerugian jika terjadi pergeseran tanah.
5.  Memahami risiko pergeseran tanah dengan melibatkan ahli geoteknik untuk merancang tindakan pencegahan atau rekayasa tanah.","Penataan drainase agar air tidak menumpuk dan melemahkan kestabilan tanah, perkuatan struktur tanah dengan teknik grouting atau dinding penahan tanah, retensi tanaman/vegetasi dengan akar kuat untuk meredam erosi, penerapan pembatas tanah/teras untuk mengurangi tekanan, pemantauan tanah menggunakan alat seperti geosensor untuk deteksi dini, serta memantau curah hujan dan mengambil tindakan pencegahan saat curah hujan ekstrem.",0.8,,0.9999999999,0.7091779930953309
Apa dampak pergeseran tanah terhadap infrastruktur?,"['• [Pra Bencana] curah hujan: Hujan, terutama curah hujan ekstrem, yang dapat menyebabkan penumpukan air berlebihan.\n• [Pra Bencana] curah hujan berkaitan dengan: banjir, longsor, penumpukan air, kerusakan, tanah longsor\n• [Pra Bencana] drainase: Sistem drainase yang baik untuk mengurangi penumpukan air.\n• [Pra Bencana] drainase berkaitan dengan: kestabilan tanah, stabilitas lereng\n• [Pra Bencana] foto: Representasi visual yang dibuat menggunakan kamera.\n• [Pra Bencana] foto berkaitan dengan: harta dan kepemilikan\n• [Pra Bencana] foto terkait dengan: harta\n• [Pra Bencana] dokumen: Catatan dan bukti yang relevan.\n• [Pra Bencana] dokumen terkait dengan: harta\n• [Pasca Bencana] harta dan kepemilikan: Aset atau barang berharga yang dimiliki seseorang.\n• [Pasca Bencana] harta dan kepemilikan berkaitan dengan: dokumentasi, catatan harta\n• [Pasca Bencana] harta dan kepemilikan terkait dengan: pergeseran tanah, foto\n• [Pra Bencana] catatan harta: Dokumentasi aset yang dibuat melalui foto dan dokumen\n• [Pra Bencana] catatan harta terkait dengan: harta dan kepemilikan, pergeseran tanah\n• [Pra Bencana] pergeseran tanah: Perpindahan lapisan tanah tanpa kehilangan kontinuitas, berbeda dengan tanah longsor.\n• [Pra Bencana] pergeseran tanah berkaitan dengan: area yang rawan pergeseran tanah, 5 bencana kabupaten bogor, harta dan kepemilikan, evakuasi, catatan harta\n• [Pra Bencana] tanah longsor: Pergerakan tiba-tiba dan cepat dari sejumlah besar tanah ke bawah lereng.\n• [Pra Bencana] tanah longsor berkaitan dengan: korban jiwa manusia, kerusakan lingkungan, kerugian harta benda, dampak psikologis, 5 bencana kabupaten bogor\n• [Pra Bencana] tanah longsor terkait dengan: curah hujan, lereng terjal, tanah yang kurang padat\n• [Pra Bencana] perkuatan struktur tanah: Penerapan teknik-teknik perkuatan tanah seperti injeksi grouting atau pemasangan dinding penahan tanah.\n• [Pra Bencana] perkuatan struktur tanah berkaitan dengan: meningkatkan kestabilan\n• [Pra Bencana] retensi tanaman dan vegetasi: Menanam tanaman yang memiliki akar kuat untuk meredam erosi.\n• [Pra Bencana] retensi tanaman dan vegetasi berkaitan dengan: erosi\n• [Pra Bencana] pembatas tanah: Untuk mengurangi tekanan dan mencegah pergerakan tanah.\n• [Pra Bencana] pembatas tanah berkaitan dengan: pergerakan tanah\n• [Pra Bencana] geosensor: Alat pemantauan untuk mendeteksi perubahan dalam kondisi tanah.\n• [Pra Bencana] geosensor berkaitan dengan: perubahan kondisi tanah\n• [Saat Bencana] tempat tinggi dan aman: Tempat tinggi dan aman merujuk pada lokasi yang terlindungi dari bahaya pergeseran tanah.\n• [Pra Bencana] regulasi setempat: Regulasi setempat merujuk pada peraturan atau undang-undang yang berlaku di wilayah tertentu.\n• [Pra Bencana] regulasi setempat terkait dengan: pergeseran tanah\n• [Pra Bencana] peraturan bangunan: Peraturan bangunan adalah aturan yang mengatur pembangunan bangunan.\n• [Pra Bencana] peraturan bangunan terkait dengan: pergeseran tanah\n• [Pra Bencana] risiko pergeseran tanah: Merupakan potensi bahaya yang berkaitan dengan gerakan tanah.\n• [Pra Bencana] ahli geoteknik: Profesional yang memiliki keahlian dalam bidang geoteknik, yaitu ilmu tentang interaksi antara tanah dan struktur.\n• [Pra Bencana] ahli geoteknik berkaitan dengan: tindakan pencegahan atau rekayasa tanah\n• [Pasca Bencana] desain dan konstruksi bangunan: Proses perancangan dan pembangunan suatu bangunan.\n• [Pasca Bencana] desain dan konstruksi bangunan berkaitan dengan: faktor risiko pergeseran tanah\n• [Pasca Bencana] evaluasi tanah: Penilaian menyeluruh terhadap kondisi tanah.\n• [Pasca Bencana] evaluasi tanah berkaitan dengan: penilaian menyeluruh terhadap kondisi tanah\n• [Pasca Bencana] evaluasi tanah terkait dengan: struktur bangunan\n• [Pasca Bencana] struktur bangunan: Kerangka dan elemen pembangun bangunan.\n• [Pasca Bencana] struktur bangunan berkaitan dengan: evaluasi tanah\n• [Saat Bencana] kendaraan terkait dengan: pergeseran tanah\n• [Saat Bencana] pemerintah daerah terkait dengan: pergeseran tanah\n• [Saat Bencana] polisi terkait dengan: pergeseran tanah\n• [Saat Bencana] petugas penyelamat terkait dengan: pergeseran tanah']","1.  Pergeseran tanah berkaitan dengan: kerusakan pada struktur bangunan.
2.  Pergeseran tanah berkaitan dengan: dampak psikologis.
3.  Pergeseran tanah berkaitan dengan: kerugian harta benda.
4.  Pergeseran tanah berkaitan dengan: dampak pada area yang rawan pergeseran tanah.
5.  Pergeseran tanah berkaitan dengan: korban jiwa manusia.","Meski tidak mengubah bentuk lereng secara signifikan, pergeseran tanah tetap berisiko menimbulkan kerusakan pada infrastruktur yang dibangun di atasnya seperti bangunan, jalan, dan jembatan, serta berbahaya bagi masyarakat.",0.8,,0.9999999999,0.7370754258069939
Apa yang harus dilakukan saat terjadi pergeseran tanah?,['• [Saat Bencana] tempat tinggi dan aman: Tempat tinggi dan aman merujuk pada lokasi yang terlindungi dari bahaya pergeseran tanah.\n• [Saat Bencana] kendaraan terkait dengan: pergeseran tanah\n• [Saat Bencana] pemerintah daerah terkait dengan: pergeseran tanah\n• [Saat Bencana] polisi terkait dengan: pergeseran tanah\n• [Saat Bencana] petugas penyelamat terkait dengan: pergeseran tanah'],"1.  Saat terjadi pergeseran tanah, segera cari tempat yang tinggi dan aman.
2.  Jauhi kendaraan, polisi, petugas penyelamat, dan area sekitar tempat pergeseran tanah.
3.  Penting untuk diingat, tempat tinggi dan aman adalah tempat yang terlindungi dari bahaya tanah bergerak.
","Jika ada peringatan atau tanda-tanda awal, segera lakukan evakuasi dini; hindari area berbahaya (jangan mendekati/memasuki area terdampak, hindari jalan yang tertutup tanah/batu); segera hubungi pihak berwenang setempat (pemerintah daerah, polisi, atau petugas penyelamat); hindari menggunakan kendaraan di daerah rawan pergeseran tanah; dan jika evakuasi tidak memungkinkan, berlindunglah di tempat tinggi dan aman.",0.6666666666666666,,0.9999999999,0.7938876972347121
Apa itu pergeseran tanah?,"['• [Pra Bencana] curah hujan: Hujan, terutama curah hujan ekstrem, yang dapat menyebabkan penumpukan air berlebihan.\n• [Pra Bencana] curah hujan berkaitan dengan: banjir, longsor, penumpukan air, kerusakan, tanah longsor\n• [Pra Bencana] drainase: Sistem drainase yang baik untuk mengurangi penumpukan air.\n• [Pra Bencana] drainase berkaitan dengan: kestabilan tanah, stabilitas lereng\n• [Pra Bencana] foto: Representasi visual yang dibuat menggunakan kamera.\n• [Pra Bencana] foto berkaitan dengan: harta dan kepemilikan\n• [Pra Bencana] foto terkait dengan: harta\n• [Pra Bencana] dokumen: Catatan dan bukti yang relevan.\n• [Pra Bencana] dokumen terkait dengan: harta\n• [Pasca Bencana] harta dan kepemilikan: Aset atau barang berharga yang dimiliki seseorang.\n• [Pasca Bencana] harta dan kepemilikan berkaitan dengan: dokumentasi, catatan harta\n• [Pasca Bencana] harta dan kepemilikan terkait dengan: pergeseran tanah, foto\n• [Pra Bencana] catatan harta: Dokumentasi aset yang dibuat melalui foto dan dokumen\n• [Pra Bencana] catatan harta terkait dengan: harta dan kepemilikan, pergeseran tanah\n• [Pra Bencana] pergeseran tanah: Perpindahan lapisan tanah tanpa kehilangan kontinuitas, berbeda dengan tanah longsor.\n• [Pra Bencana] pergeseran tanah berkaitan dengan: area yang rawan pergeseran tanah, 5 bencana kabupaten bogor, harta dan kepemilikan, evakuasi, catatan harta\n• [Pra Bencana] tanah longsor: Pergerakan tiba-tiba dan cepat dari sejumlah besar tanah ke bawah lereng.\n• [Pra Bencana] tanah longsor berkaitan dengan: korban jiwa manusia, kerusakan lingkungan, kerugian harta benda, dampak psikologis, 5 bencana kabupaten bogor\n• [Pra Bencana] tanah longsor terkait dengan: curah hujan, lereng terjal, tanah yang kurang padat\n• [Pra Bencana] perkuatan struktur tanah: Penerapan teknik-teknik perkuatan tanah seperti injeksi grouting atau pemasangan dinding penahan tanah.\n• [Pra Bencana] perkuatan struktur tanah berkaitan dengan: meningkatkan kestabilan\n• [Pra Bencana] retensi tanaman dan vegetasi: Menanam tanaman yang memiliki akar kuat untuk meredam erosi.\n• [Pra Bencana] retensi tanaman dan vegetasi berkaitan dengan: erosi\n• [Pra Bencana] pembatas tanah: Untuk mengurangi tekanan dan mencegah pergerakan tanah.\n• [Pra Bencana] pembatas tanah berkaitan dengan: pergerakan tanah\n• [Pra Bencana] geosensor: Alat pemantauan untuk mendeteksi perubahan dalam kondisi tanah.\n• [Pra Bencana] geosensor berkaitan dengan: perubahan kondisi tanah\n• [Saat Bencana] tempat tinggi dan aman: Tempat tinggi dan aman merujuk pada lokasi yang terlindungi dari bahaya pergeseran tanah.\n• [Pra Bencana] regulasi setempat: Regulasi setempat merujuk pada peraturan atau undang-undang yang berlaku di wilayah tertentu.\n• [Pra Bencana] regulasi setempat terkait dengan: pergeseran tanah\n• [Pra Bencana] peraturan bangunan: Peraturan bangunan adalah aturan yang mengatur pembangunan bangunan.\n• [Pra Bencana] peraturan bangunan terkait dengan: pergeseran tanah\n• [Pra Bencana] risiko pergeseran tanah: Merupakan potensi bahaya yang berkaitan dengan gerakan tanah.\n• [Pra Bencana] ahli geoteknik: Profesional yang memiliki keahlian dalam bidang geoteknik, yaitu ilmu tentang interaksi antara tanah dan struktur.\n• [Pra Bencana] ahli geoteknik berkaitan dengan: tindakan pencegahan atau rekayasa tanah\n• [Pasca Bencana] desain dan konstruksi bangunan: Proses perancangan dan pembangunan suatu bangunan.\n• [Pasca Bencana] desain dan konstruksi bangunan berkaitan dengan: faktor risiko pergeseran tanah\n• [Pasca Bencana] evaluasi tanah: Penilaian menyeluruh terhadap kondisi tanah.\n• [Pasca Bencana] evaluasi tanah berkaitan dengan: penilaian menyeluruh terhadap kondisi tanah\n• [Pasca Bencana] evaluasi tanah terkait dengan: struktur bangunan\n• [Pasca Bencana] struktur bangunan: Kerangka dan elemen pembangun bangunan.\n• [Pasca Bencana] struktur bangunan berkaitan dengan: evaluasi tanah\n• [Saat Bencana] kendaraan terkait dengan: pergeseran tanah\n• [Saat Bencana] pemerintah daerah terkait dengan: pergeseran tanah\n• [Saat Bencana] polisi terkait dengan: pergeseran tanah\n• [Saat Bencana] petugas penyelamat terkait dengan: pergeseran tanah']","Pergeseran tanah adalah pergerakan tanah secara tiba-tiba dan cepat ke bawah lereng. Proses ini terjadi tanpa kehilangan hubungan antara lapisan tanahnya. Pergeseran tanah seringkali berkaitan dengan kondisi lereng yang rawan, seperti tanah yang kurang padat atau curah hujan tinggi. Pergeseran tanah bisa berdampak besar, termasuk merusak harta benda dan menimbulkan dampak psikologis.
","Pergeseran tanah adalah perpindahan lapisan tanah tanpa kehilangan kontinuitas, bisa bersifat horizontal atau vertikal tanpa mengubah bentuk lereng secara signifikan -- berbeda dari tanah longsor yang merupakan pergerakan tiba-tiba dan cepat dari sejumlah besar tanah ke bawah lereng disertai pemisahan dan jatuhnya materi tanah secara besar-besaran.",1.0,,0.9999999999,0.8262291058806367
Apa tanda-tanda terjadinya pergeseran tanah?,"['• [Pra Bencana] curah hujan: Hujan, terutama curah hujan ekstrem, yang dapat menyebabkan penumpukan air berlebihan.\n• [Pra Bencana] curah hujan berkaitan dengan: banjir, longsor, penumpukan air, kerusakan, tanah longsor\n• [Pra Bencana] drainase: Sistem drainase yang baik untuk mengurangi penumpukan air.\n• [Pra Bencana] drainase berkaitan dengan: kestabilan tanah, stabilitas lereng\n• [Pra Bencana] foto: Representasi visual yang dibuat menggunakan kamera.\n• [Pra Bencana] foto berkaitan dengan: harta dan kepemilikan\n• [Pra Bencana] foto terkait dengan: harta\n• [Pra Bencana] dokumen: Catatan dan bukti yang relevan.\n• [Pra Bencana] dokumen terkait dengan: harta\n• [Pasca Bencana] harta dan kepemilikan: Aset atau barang berharga yang dimiliki seseorang.\n• [Pasca Bencana] harta dan kepemilikan berkaitan dengan: dokumentasi, catatan harta\n• [Pasca Bencana] harta dan kepemilikan terkait dengan: pergeseran tanah, foto\n• [Pra Bencana] catatan harta: Dokumentasi aset yang dibuat melalui foto dan dokumen\n• [Pra Bencana] catatan harta terkait dengan: harta dan kepemilikan, pergeseran tanah\n• [Pra Bencana] pergeseran tanah: Perpindahan lapisan tanah tanpa kehilangan kontinuitas, berbeda dengan tanah longsor.\n• [Pra Bencana] pergeseran tanah berkaitan dengan: area yang rawan pergeseran tanah, 5 bencana kabupaten bogor, harta dan kepemilikan, evakuasi, catatan harta\n• [Pra Bencana] tanah longsor: Pergerakan tiba-tiba dan cepat dari sejumlah besar tanah ke bawah lereng.\n• [Pra Bencana] tanah longsor berkaitan dengan: korban jiwa manusia, kerusakan lingkungan, kerugian harta benda, dampak psikologis, 5 bencana kabupaten bogor\n• [Pra Bencana] tanah longsor terkait dengan: curah hujan, lereng terjal, tanah yang kurang padat\n• [Pra Bencana] perkuatan struktur tanah: Penerapan teknik-teknik perkuatan tanah seperti injeksi grouting atau pemasangan dinding penahan tanah.\n• [Pra Bencana] perkuatan struktur tanah berkaitan dengan: meningkatkan kestabilan\n• [Pra Bencana] retensi tanaman dan vegetasi: Menanam tanaman yang memiliki akar kuat untuk meredam erosi.\n• [Pra Bencana] retensi tanaman dan vegetasi berkaitan dengan: erosi\n• [Pra Bencana] pembatas tanah: Untuk mengurangi tekanan dan mencegah pergerakan tanah.\n• [Pra Bencana] pembatas tanah berkaitan dengan: pergerakan tanah\n• [Pra Bencana] geosensor: Alat pemantauan untuk mendeteksi perubahan dalam kondisi tanah.\n• [Pra Bencana] geosensor berkaitan dengan: perubahan kondisi tanah\n• [Saat Bencana] tempat tinggi dan aman: Tempat tinggi dan aman merujuk pada lokasi yang terlindungi dari bahaya pergeseran tanah.\n• [Pra Bencana] regulasi setempat: Regulasi setempat merujuk pada peraturan atau undang-undang yang berlaku di wilayah tertentu.\n• [Pra Bencana] regulasi setempat terkait dengan: pergeseran tanah\n• [Pra Bencana] peraturan bangunan: Peraturan bangunan adalah aturan yang mengatur pembangunan bangunan.\n• [Pra Bencana] peraturan bangunan terkait dengan: pergeseran tanah\n• [Pra Bencana] risiko pergeseran tanah: Merupakan potensi bahaya yang berkaitan dengan gerakan tanah.\n• [Pra Bencana] ahli geoteknik: Profesional yang memiliki keahlian dalam bidang geoteknik, yaitu ilmu tentang interaksi antara tanah dan struktur.\n• [Pra Bencana] ahli geoteknik berkaitan dengan: tindakan pencegahan atau rekayasa tanah\n• [Pasca Bencana] desain dan konstruksi bangunan: Proses perancangan dan pembangunan suatu bangunan.\n• [Pasca Bencana] desain dan konstruksi bangunan berkaitan dengan: faktor risiko pergeseran tanah\n• [Pasca Bencana] evaluasi tanah: Penilaian menyeluruh terhadap kondisi tanah.\n• [Pasca Bencana] evaluasi tanah berkaitan dengan: penilaian menyeluruh terhadap kondisi tanah\n• [Pasca Bencana] evaluasi tanah terkait dengan: struktur bangunan\n• [Pasca Bencana] struktur bangunan: Kerangka dan elemen pembangun bangunan.\n• [Pasca Bencana] struktur bangunan berkaitan dengan: evaluasi tanah\n• [Saat Bencana] kendaraan terkait dengan: pergeseran tanah\n• [Saat Bencana] pemerintah daerah terkait dengan: pergeseran tanah\n• [Saat Bencana] polisi terkait dengan: pergeseran tanah\n• [Saat Bencana] petugas penyelamat terkait dengan: pergeseran tanah']","**Pra Bencana:**
1.  Perpindahan lapisan tanah tanpa kehilangan kontinuitas.
2.  Terjadi di area yang rawan pergeseran tanah.
3.  Curah hujan tinggi dan tanah yang kurang padat.

**Saat Bencana:**
1.  Berlindung di tempat tinggi dan aman.
2.  Menjauhi kendaraan.
3.  Bekerja sama dengan polisi dan petugas penyelamat.

**Pasca Bencana:**
1.  Melakukan dokumentasi dan pencatatan harta yang hilang atau rusak.
2.  Melakukan evaluasi tanah terhadap struktur bangunan.
3.  Mempertimbangkan faktor risiko pergeseran tanah dalam desain dan konstruksi bangunan baru.","Dokumen tidak merinci tanda-tanda spesifik pergeseran tanah, namun menyebutkan pentingnya evakuasi dini 'jika terdapat peringatan atau tanda-tanda awal pergeseran tanah'.",1.0,,0.9999999999,0.4555093578645264
Apakah pergeseran tanah bisa berkembang menjadi longsor?,"['• [Pra Bencana] curah hujan: Hujan, terutama curah hujan ekstrem, yang dapat menyebabkan penumpukan air berlebihan.\n• [Pra Bencana] curah hujan berkaitan dengan: banjir, longsor, penumpukan air, kerusakan, tanah longsor\n• [Pra Bencana] drainase: Sistem drainase yang baik untuk mengurangi penumpukan air.\n• [Pra Bencana] drainase berkaitan dengan: kestabilan tanah, stabilitas lereng\n• [Pra Bencana] foto: Representasi visual yang dibuat menggunakan kamera.\n• [Pra Bencana] foto berkaitan dengan: harta dan kepemilikan\n• [Pra Bencana] foto terkait dengan: harta\n• [Pra Bencana] dokumen: Catatan dan bukti yang relevan.\n• [Pra Bencana] dokumen terkait dengan: harta\n• [Pasca Bencana] harta dan kepemilikan: Aset atau barang berharga yang dimiliki seseorang.\n• [Pasca Bencana] harta dan kepemilikan berkaitan dengan: dokumentasi, catatan harta\n• [Pasca Bencana] harta dan kepemilikan terkait dengan: pergeseran tanah, foto\n• [Pra Bencana] catatan harta: Dokumentasi aset yang dibuat melalui foto dan dokumen\n• [Pra Bencana] catatan harta terkait dengan: harta dan kepemilikan, pergeseran tanah\n• [Pra Bencana] pergeseran tanah: Perpindahan lapisan tanah tanpa kehilangan kontinuitas, berbeda dengan tanah longsor.\n• [Pra Bencana] pergeseran tanah berkaitan dengan: area yang rawan pergeseran tanah, 5 bencana kabupaten bogor, harta dan kepemilikan, evakuasi, catatan harta\n• [Pra Bencana] tanah longsor: Pergerakan tiba-tiba dan cepat dari sejumlah besar tanah ke bawah lereng.\n• [Pra Bencana] tanah longsor berkaitan dengan: korban jiwa manusia, kerusakan lingkungan, kerugian harta benda, dampak psikologis, 5 bencana kabupaten bogor\n• [Pra Bencana] tanah longsor terkait dengan: curah hujan, lereng terjal, tanah yang kurang padat\n• [Pra Bencana] perkuatan struktur tanah: Penerapan teknik-teknik perkuatan tanah seperti injeksi grouting atau pemasangan dinding penahan tanah.\n• [Pra Bencana] perkuatan struktur tanah berkaitan dengan: meningkatkan kestabilan\n• [Pra Bencana] retensi tanaman dan vegetasi: Menanam tanaman yang memiliki akar kuat untuk meredam erosi.\n• [Pra Bencana] retensi tanaman dan vegetasi berkaitan dengan: erosi\n• [Pra Bencana] pembatas tanah: Untuk mengurangi tekanan dan mencegah pergerakan tanah.\n• [Pra Bencana] pembatas tanah berkaitan dengan: pergerakan tanah\n• [Pra Bencana] geosensor: Alat pemantauan untuk mendeteksi perubahan dalam kondisi tanah.\n• [Pra Bencana] geosensor berkaitan dengan: perubahan kondisi tanah\n• [Saat Bencana] tempat tinggi dan aman: Tempat tinggi dan aman merujuk pada lokasi yang terlindungi dari bahaya pergeseran tanah.\n• [Pra Bencana] regulasi setempat: Regulasi setempat merujuk pada peraturan atau undang-undang yang berlaku di wilayah tertentu.\n• [Pra Bencana] regulasi setempat terkait dengan: pergeseran tanah\n• [Pra Bencana] peraturan bangunan: Peraturan bangunan adalah aturan yang mengatur pembangunan bangunan.\n• [Pra Bencana] peraturan bangunan terkait dengan: pergeseran tanah\n• [Pra Bencana] risiko pergeseran tanah: Merupakan potensi bahaya yang berkaitan dengan gerakan tanah.\n• [Pra Bencana] ahli geoteknik: Profesional yang memiliki keahlian dalam bidang geoteknik, yaitu ilmu tentang interaksi antara tanah dan struktur.\n• [Pra Bencana] ahli geoteknik berkaitan dengan: tindakan pencegahan atau rekayasa tanah\n• [Pasca Bencana] desain dan konstruksi bangunan: Proses perancangan dan pembangunan suatu bangunan.\n• [Pasca Bencana] desain dan konstruksi bangunan berkaitan dengan: faktor risiko pergeseran tanah\n• [Pasca Bencana] evaluasi tanah: Penilaian menyeluruh terhadap kondisi tanah.\n• [Pasca Bencana] evaluasi tanah berkaitan dengan: penilaian menyeluruh terhadap kondisi tanah\n• [Pasca Bencana] evaluasi tanah terkait dengan: struktur bangunan\n• [Pasca Bencana] struktur bangunan: Kerangka dan elemen pembangun bangunan.\n• [Pasca Bencana] struktur bangunan berkaitan dengan: evaluasi tanah\n• [Pra Bencana] hutan: Hutan adalah area yang tertutup pepohonan.\n• [Pra Bencana] hutan terkait dengan: api, rambu\n• [Pra Bencana] bangunan penahan: Struktur yang dirancang untuk menahan pergerakan tanah.\n• [Pra Bencana] bangunan penahan berkaitan dengan: stabilitas lereng\n• [Pra Bencana] jangkar (anchor): Sistem penahan yang menggunakan jangkar untuk menstabilkan lereng.\n• [Pra Bencana] jangkar (anchor) berkaitan dengan: stabilitas lereng\n• [Pra Bencana] pilling: Teknik konstruksi yang melibatkan penanaman tiang-tiang beton ke dalam tanah untuk menstabilkan tanah.\n• [Pra Bencana] pemukiman: Proses pembangunan perumahan dan fasilitas.\n• [Pra Bencana] pemukiman berkaitan dengan: hindaran daerah rawan longsor']","**Pra Bencana:**
1. Pergeseran tanah dapat berkembang menjadi longsor.
2. Tanah longsor berkaitan dengan curah hujan, lereng terjal, dan tanah yang kurang padat.
3. Risiko pergeseran tanah merupakan potensi bahaya yang berkaitan dengan gerakan tanah.

**Saat Bencana:**
1. Tempat tinggi dan aman merupakan lokasi yang terlindungi dari bahaya pergeseran tanah.

**Pasca Bencana:**
1. Evaluasi tanah berkaitan dengan penilaian menyeluruh terhadap kondisi tanah, termasuk dampak potensi longsor.
2. Desain dan konstruksi bangunan berkaitan dengan faktor risiko pergeseran tanah.
","Dokumen justru membedakan keduanya sebagai fenomena yang berbeda: pergeseran tanah adalah perpindahan lapisan tanah tanpa kehilangan kontinuitas (horizontal/vertikal, tidak mengubah bentuk lereng signifikan), sedangkan tanah longsor adalah pergerakan tiba-tiba dan cepat sejumlah besar tanah ke bawah lereng yang melibatkan pemisahan dan jatuhnya materi tanah secara besar-besaran. Dokumen tidak menyatakan pergeseran tanah berkembang menjadi longsor.",1.0,,0.9999999999,0.5600234327166808
Bagaimana cara memantau pergeseran tanah di sekitar rumah?,"['• [Pra Bencana] curah hujan: Hujan, terutama curah hujan ekstrem, yang dapat menyebabkan penumpukan air berlebihan.\n• [Pra Bencana] curah hujan berkaitan dengan: banjir, longsor, penumpukan air, kerusakan, tanah longsor\n• [Pra Bencana] drainase: Sistem drainase yang baik untuk mengurangi penumpukan air.\n• [Pra Bencana] drainase berkaitan dengan: kestabilan tanah, stabilitas lereng\n• [Pra Bencana] foto: Representasi visual yang dibuat menggunakan kamera.\n• [Pra Bencana] foto berkaitan dengan: harta dan kepemilikan\n• [Pra Bencana] foto terkait dengan: harta\n• [Pra Bencana] dokumen: Catatan dan bukti yang relevan.\n• [Pra Bencana] dokumen terkait dengan: harta\n• [Pasca Bencana] harta dan kepemilikan: Aset atau barang berharga yang dimiliki seseorang.\n• [Pasca Bencana] harta dan kepemilikan berkaitan dengan: dokumentasi, catatan harta\n• [Pasca Bencana] harta dan kepemilikan terkait dengan: pergeseran tanah, foto\n• [Pra Bencana] catatan harta: Dokumentasi aset yang dibuat melalui foto dan dokumen\n• [Pra Bencana] catatan harta terkait dengan: harta dan kepemilikan, pergeseran tanah\n• [Pra Bencana] pergeseran tanah: Perpindahan lapisan tanah tanpa kehilangan kontinuitas, berbeda dengan tanah longsor.\n• [Pra Bencana] pergeseran tanah berkaitan dengan: area yang rawan pergeseran tanah, 5 bencana kabupaten bogor, harta dan kepemilikan, evakuasi, catatan harta\n• [Pra Bencana] tanah longsor: Pergerakan tiba-tiba dan cepat dari sejumlah besar tanah ke bawah lereng.\n• [Pra Bencana] tanah longsor berkaitan dengan: korban jiwa manusia, kerusakan lingkungan, kerugian harta benda, dampak psikologis, 5 bencana kabupaten bogor\n• [Pra Bencana] tanah longsor terkait dengan: curah hujan, lereng terjal, tanah yang kurang padat\n• [Pra Bencana] perkuatan struktur tanah: Penerapan teknik-teknik perkuatan tanah seperti injeksi grouting atau pemasangan dinding penahan tanah.\n• [Pra Bencana] perkuatan struktur tanah berkaitan dengan: meningkatkan kestabilan\n• [Pra Bencana] retensi tanaman dan vegetasi: Menanam tanaman yang memiliki akar kuat untuk meredam erosi.\n• [Pra Bencana] retensi tanaman dan vegetasi berkaitan dengan: erosi\n• [Pra Bencana] pembatas tanah: Untuk mengurangi tekanan dan mencegah pergerakan tanah.\n• [Pra Bencana] pembatas tanah berkaitan dengan: pergerakan tanah\n• [Pra Bencana] geosensor: Alat pemantauan untuk mendeteksi perubahan dalam kondisi tanah.\n• [Pra Bencana] geosensor berkaitan dengan: perubahan kondisi tanah\n• [Saat Bencana] tempat tinggi dan aman: Tempat tinggi dan aman merujuk pada lokasi yang terlindungi dari bahaya pergeseran tanah.\n• [Pra Bencana] regulasi setempat: Regulasi setempat merujuk pada peraturan atau undang-undang yang berlaku di wilayah tertentu.\n• [Pra Bencana] regulasi setempat terkait dengan: pergeseran tanah\n• [Pra Bencana] peraturan bangunan: Peraturan bangunan adalah aturan yang mengatur pembangunan bangunan.\n• [Pra Bencana] peraturan bangunan terkait dengan: pergeseran tanah\n• [Pra Bencana] risiko pergeseran tanah: Merupakan potensi bahaya yang berkaitan dengan gerakan tanah.\n• [Pra Bencana] ahli geoteknik: Profesional yang memiliki keahlian dalam bidang geoteknik, yaitu ilmu tentang interaksi antara tanah dan struktur.\n• [Pra Bencana] ahli geoteknik berkaitan dengan: tindakan pencegahan atau rekayasa tanah\n• [Pasca Bencana] desain dan konstruksi bangunan: Proses perancangan dan pembangunan suatu bangunan.\n• [Pasca Bencana] desain dan konstruksi bangunan berkaitan dengan: faktor risiko pergeseran tanah\n• [Pasca Bencana] evaluasi tanah: Penilaian menyeluruh terhadap kondisi tanah.\n• [Pasca Bencana] evaluasi tanah berkaitan dengan: penilaian menyeluruh terhadap kondisi tanah\n• [Pasca Bencana] evaluasi tanah terkait dengan: struktur bangunan\n• [Pasca Bencana] struktur bangunan: Kerangka dan elemen pembangun bangunan.\n• [Pasca Bencana] struktur bangunan berkaitan dengan: evaluasi tanah\n• [Saat Bencana] kendaraan terkait dengan: pergeseran tanah\n• [Saat Bencana] pemerintah daerah terkait dengan: pergeseran tanah\n• [Saat Bencana] polisi terkait dengan: pergeseran tanah\n• [Saat Bencana] petugas penyelamat terkait dengan: pergeseran tanah']","**Pra Bencana:**
1. Kita bisa menggunakan geosensor untuk memantau perubahan kondisi tanah.
2. Meminta bantuan ahli geoteknik untuk melakukan penilaian terhadap risiko pergeseran tanah.
3. Membuat catatan harta (catatan harta) yang berisi foto dan dokumen terkait aset yang dimiliki.

**Saat Bencana:**
1. Cari tempat tinggi dan aman untuk berlindung.
2.  Koordinasi dengan pemerintah daerah, polisi, dan petugas penyelamat.

**Pasca Bencana:**
1. Melakukan evaluasi tanah untuk menilai kondisi struktur bangunan.
2. Melakukan desain dan konstruksi bangunan dengan mempertimbangkan faktor risiko pergeseran tanah.
3.  Membuat dokumentasi, catatan harta yang berisi pergeseran tanah, foto, dan kerusakan.
","Pemantauan tanah dapat dilakukan menggunakan alat pemantauan seperti geosensor untuk mendeteksi perubahan kondisi tanah dan memberikan peringatan dini, serta menerapkan sistem pemantauan berkelanjutan untuk mendeteksi potensi masalah seiring waktu.",1.0,,0.9999999999,0.4247586605945286
Apa yang dilakukan BPBD saat terjadi pergeseran tanah?,['• [Saat Bencana] tempat tinggi dan aman: Tempat tinggi dan aman merujuk pada lokasi yang terlindungi dari bahaya pergeseran tanah.\n• [Saat Bencana] kendaraan terkait dengan: pergeseran tanah\n• [Saat Bencana] pemerintah daerah terkait dengan: pergeseran tanah\n• [Saat Bencana] polisi terkait dengan: pergeseran tanah\n• [Saat Bencana] petugas penyelamat terkait dengan: pergeseran tanah'],"1. Saat terjadi pergeseran tanah, BPBD akan mengarahkan masyarakat ke tempat yang tinggi dan aman.
2. BPBD bekerja sama dengan polisi dan petugas penyelamat untuk memastikan keselamatan warga.
3. BPBD juga melibatkan pemerintah daerah dalam upaya penanganan pergeseran tanah.
4. BPBD akan memantau situasi dengan kendaraan untuk mengantisipasi pergeseran tanah lebih lanjut.
5. BPBD akan berkoordinasi dengan semua pihak untuk melakukan evakuasi dan memberikan bantuan.","Dokumen menyebutkan bahwa kejadian pergeseran tanah perlu segera dilaporkan kepada pihak berwenang setempat seperti pemerintah daerah, polisi, atau petugas penyelamat agar bantuan dapat segera diberikan; dokumen tidak merinci peran BPBD secara spesifik dalam konteks pergeseran tanah.",0.6,,0.0,0.8939620543122309
Bagaimana cara memperkuat bangunan di daerah rawan pergeseran tanah?,"['• [Pra Bencana] curah hujan: Hujan, terutama curah hujan ekstrem, yang dapat menyebabkan penumpukan air berlebihan.\n• [Pra Bencana] curah hujan berkaitan dengan: banjir, longsor, penumpukan air, kerusakan, tanah longsor\n• [Pra Bencana] drainase: Sistem drainase yang baik untuk mengurangi penumpukan air.\n• [Pra Bencana] drainase berkaitan dengan: kestabilan tanah, stabilitas lereng\n• [Pra Bencana] foto: Representasi visual yang dibuat menggunakan kamera.\n• [Pra Bencana] foto berkaitan dengan: harta dan kepemilikan\n• [Pra Bencana] foto terkait dengan: harta\n• [Pra Bencana] dokumen: Catatan dan bukti yang relevan.\n• [Pra Bencana] dokumen terkait dengan: harta\n• [Pasca Bencana] harta dan kepemilikan: Aset atau barang berharga yang dimiliki seseorang.\n• [Pasca Bencana] harta dan kepemilikan berkaitan dengan: dokumentasi, catatan harta\n• [Pasca Bencana] harta dan kepemilikan terkait dengan: pergeseran tanah, foto\n• [Pra Bencana] catatan harta: Dokumentasi aset yang dibuat melalui foto dan dokumen\n• [Pra Bencana] catatan harta terkait dengan: harta dan kepemilikan, pergeseran tanah\n• [Pra Bencana] pergeseran tanah: Perpindahan lapisan tanah tanpa kehilangan kontinuitas, berbeda dengan tanah longsor.\n• [Pra Bencana] pergeseran tanah berkaitan dengan: area yang rawan pergeseran tanah, 5 bencana kabupaten bogor, harta dan kepemilikan, evakuasi, catatan harta\n• [Pra Bencana] tanah longsor: Pergerakan tiba-tiba dan cepat dari sejumlah besar tanah ke bawah lereng.\n• [Pra Bencana] tanah longsor berkaitan dengan: korban jiwa manusia, kerusakan lingkungan, kerugian harta benda, dampak psikologis, 5 bencana kabupaten bogor\n• [Pra Bencana] tanah longsor terkait dengan: curah hujan, lereng terjal, tanah yang kurang padat\n• [Pra Bencana] perkuatan struktur tanah: Penerapan teknik-teknik perkuatan tanah seperti injeksi grouting atau pemasangan dinding penahan tanah.\n• [Pra Bencana] perkuatan struktur tanah berkaitan dengan: meningkatkan kestabilan\n• [Pra Bencana] retensi tanaman dan vegetasi: Menanam tanaman yang memiliki akar kuat untuk meredam erosi.\n• [Pra Bencana] retensi tanaman dan vegetasi berkaitan dengan: erosi\n• [Pra Bencana] pembatas tanah: Untuk mengurangi tekanan dan mencegah pergerakan tanah.\n• [Pra Bencana] pembatas tanah berkaitan dengan: pergerakan tanah\n• [Pra Bencana] geosensor: Alat pemantauan untuk mendeteksi perubahan dalam kondisi tanah.\n• [Pra Bencana] geosensor berkaitan dengan: perubahan kondisi tanah\n• [Saat Bencana] tempat tinggi dan aman: Tempat tinggi dan aman merujuk pada lokasi yang terlindungi dari bahaya pergeseran tanah.\n• [Pra Bencana] regulasi setempat: Regulasi setempat merujuk pada peraturan atau undang-undang yang berlaku di wilayah tertentu.\n• [Pra Bencana] regulasi setempat terkait dengan: pergeseran tanah\n• [Pra Bencana] peraturan bangunan: Peraturan bangunan adalah aturan yang mengatur pembangunan bangunan.\n• [Pra Bencana] peraturan bangunan terkait dengan: pergeseran tanah\n• [Pra Bencana] risiko pergeseran tanah: Merupakan potensi bahaya yang berkaitan dengan gerakan tanah.\n• [Pra Bencana] ahli geoteknik: Profesional yang memiliki keahlian dalam bidang geoteknik, yaitu ilmu tentang interaksi antara tanah dan struktur.\n• [Pra Bencana] ahli geoteknik berkaitan dengan: tindakan pencegahan atau rekayasa tanah\n• [Pasca Bencana] desain dan konstruksi bangunan: Proses perancangan dan pembangunan suatu bangunan.\n• [Pasca Bencana] desain dan konstruksi bangunan berkaitan dengan: faktor risiko pergeseran tanah\n• [Pasca Bencana] evaluasi tanah: Penilaian menyeluruh terhadap kondisi tanah.\n• [Pasca Bencana] evaluasi tanah berkaitan dengan: penilaian menyeluruh terhadap kondisi tanah\n• [Pasca Bencana] evaluasi tanah terkait dengan: struktur bangunan\n• [Pasca Bencana] struktur bangunan: Kerangka dan elemen pembangun bangunan.\n• [Pasca Bencana] struktur bangunan berkaitan dengan: evaluasi tanah\n• [Saat Bencana] kendaraan terkait dengan: pergeseran tanah\n• [Saat Bencana] pemerintah daerah terkait dengan: pergeseran tanah\n• [Saat Bencana] polisi terkait dengan: pergeseran tanah\n• [Saat Bencana] petugas penyelamat terkait dengan: pergeseran tanah']","Untuk memperkuat bangunan di daerah rawan pergeseran tanah, beberapa hal penting perlu dilakukan. Pertama, sebaiknya konsultasikan dengan ahli geoteknik. Mereka adalah profesional yang memiliki keahlian dalam ilmu tentang interaksi antara tanah dan struktur. Ahli ini bisa memberikan rekomendasi terkait tindakan pencegahan atau rekayasa tanah yang tepat. 

Kedua, proses perancangan dan pembangunan bangunan harus mempertimbangkan faktor risiko pergeseran tanah. Ini termasuk evaluasi tanah yang menyeluruh terhadap kondisi tanah di lokasi tersebut, serta penilaian terhadap struktur bangunan yang ada.

Ketiga, desain dan konstruksi bangunan juga harus mempertimbangkan rekomendasi dari ahli geoteknik dan hasil evaluasi tanah.  Penting untuk memastikan bangunan memiliki kestabilan yang memadai untuk menghadapi potensi pergeseran tanah.
",Perkuatan struktur tanah dapat dilakukan dengan teknik seperti injeksi grouting atau pemasangan dinding penahan tanah untuk meningkatkan kestabilan; pastikan juga desain dan konstruksi bangunan memperhitungkan faktor risiko pergeseran tanah berdasarkan hasil evaluasi tanah oleh ahli geoteknik.,1.0,,0.9999999999,0.7506013532644912
Apa perbedaan pergeseran tanah dan tanah longsor?,"['• [Pra Bencana] curah hujan: Hujan, terutama curah hujan ekstrem, yang dapat menyebabkan penumpukan air berlebihan.\n• [Pra Bencana] curah hujan berkaitan dengan: banjir, longsor, penumpukan air, kerusakan, tanah longsor\n• [Pra Bencana] drainase: Sistem drainase yang baik untuk mengurangi penumpukan air.\n• [Pra Bencana] drainase berkaitan dengan: kestabilan tanah, stabilitas lereng\n• [Pra Bencana] foto: Representasi visual yang dibuat menggunakan kamera.\n• [Pra Bencana] foto berkaitan dengan: harta dan kepemilikan\n• [Pra Bencana] foto terkait dengan: harta\n• [Pra Bencana] dokumen: Catatan dan bukti yang relevan.\n• [Pra Bencana] dokumen terkait dengan: harta\n• [Pasca Bencana] harta dan kepemilikan: Aset atau barang berharga yang dimiliki seseorang.\n• [Pasca Bencana] harta dan kepemilikan berkaitan dengan: dokumentasi, catatan harta\n• [Pasca Bencana] harta dan kepemilikan terkait dengan: pergeseran tanah, foto\n• [Pra Bencana] catatan harta: Dokumentasi aset yang dibuat melalui foto dan dokumen\n• [Pra Bencana] catatan harta terkait dengan: harta dan kepemilikan, pergeseran tanah\n• [Pra Bencana] pergeseran tanah: Perpindahan lapisan tanah tanpa kehilangan kontinuitas, berbeda dengan tanah longsor.\n• [Pra Bencana] pergeseran tanah berkaitan dengan: area yang rawan pergeseran tanah, 5 bencana kabupaten bogor, harta dan kepemilikan, evakuasi, catatan harta\n• [Pra Bencana] tanah longsor: Pergerakan tiba-tiba dan cepat dari sejumlah besar tanah ke bawah lereng.\n• [Pra Bencana] tanah longsor berkaitan dengan: korban jiwa manusia, kerusakan lingkungan, kerugian harta benda, dampak psikologis, 5 bencana kabupaten bogor\n• [Pra Bencana] tanah longsor terkait dengan: curah hujan, lereng terjal, tanah yang kurang padat\n• [Pra Bencana] perkuatan struktur tanah: Penerapan teknik-teknik perkuatan tanah seperti injeksi grouting atau pemasangan dinding penahan tanah.\n• [Pra Bencana] perkuatan struktur tanah berkaitan dengan: meningkatkan kestabilan\n• [Pra Bencana] retensi tanaman dan vegetasi: Menanam tanaman yang memiliki akar kuat untuk meredam erosi.\n• [Pra Bencana] retensi tanaman dan vegetasi berkaitan dengan: erosi\n• [Pra Bencana] pembatas tanah: Untuk mengurangi tekanan dan mencegah pergerakan tanah.\n• [Pra Bencana] pembatas tanah berkaitan dengan: pergerakan tanah\n• [Pra Bencana] geosensor: Alat pemantauan untuk mendeteksi perubahan dalam kondisi tanah.\n• [Pra Bencana] geosensor berkaitan dengan: perubahan kondisi tanah\n• [Saat Bencana] tempat tinggi dan aman: Tempat tinggi dan aman merujuk pada lokasi yang terlindungi dari bahaya pergeseran tanah.\n• [Pra Bencana] regulasi setempat: Regulasi setempat merujuk pada peraturan atau undang-undang yang berlaku di wilayah tertentu.\n• [Pra Bencana] regulasi setempat terkait dengan: pergeseran tanah\n• [Pra Bencana] peraturan bangunan: Peraturan bangunan adalah aturan yang mengatur pembangunan bangunan.\n• [Pra Bencana] peraturan bangunan terkait dengan: pergeseran tanah\n• [Pra Bencana] risiko pergeseran tanah: Merupakan potensi bahaya yang berkaitan dengan gerakan tanah.\n• [Pra Bencana] ahli geoteknik: Profesional yang memiliki keahlian dalam bidang geoteknik, yaitu ilmu tentang interaksi antara tanah dan struktur.\n• [Pra Bencana] ahli geoteknik berkaitan dengan: tindakan pencegahan atau rekayasa tanah\n• [Pasca Bencana] desain dan konstruksi bangunan: Proses perancangan dan pembangunan suatu bangunan.\n• [Pasca Bencana] desain dan konstruksi bangunan berkaitan dengan: faktor risiko pergeseran tanah\n• [Pasca Bencana] evaluasi tanah: Penilaian menyeluruh terhadap kondisi tanah.\n• [Pasca Bencana] evaluasi tanah berkaitan dengan: penilaian menyeluruh terhadap kondisi tanah\n• [Pasca Bencana] evaluasi tanah terkait dengan: struktur bangunan\n• [Pasca Bencana] struktur bangunan: Kerangka dan elemen pembangun bangunan.\n• [Pasca Bencana] struktur bangunan berkaitan dengan: evaluasi tanah\n• [Pra Bencana] hutan: Hutan adalah area yang tertutup pepohonan.\n• [Pra Bencana] hutan terkait dengan: api, rambu\n• [Pra Bencana] bangunan penahan: Struktur yang dirancang untuk menahan pergerakan tanah.\n• [Pra Bencana] bangunan penahan berkaitan dengan: stabilitas lereng\n• [Pra Bencana] jangkar (anchor): Sistem penahan yang menggunakan jangkar untuk menstabilkan lereng.\n• [Pra Bencana] jangkar (anchor) berkaitan dengan: stabilitas lereng\n• [Pra Bencana] pilling: Teknik konstruksi yang melibatkan penanaman tiang-tiang beton ke dalam tanah untuk menstabilkan tanah.\n• [Pra Bencana] pemukiman: Proses pembangunan perumahan dan fasilitas.\n• [Pra Bencana] pemukiman berkaitan dengan: hindaran daerah rawan longsor']","Pergeseran tanah adalah perpindahan lapisan tanah tanpa kehilangan kekuatannya, seperti tanah bergeser tanpa runtuh. Sementara itu, tanah longsor adalah pergerakan tanah yang cepat dan tiba-tiba ke bawah lereng. Perbedaan utamanya terletak pada kecepatan dan cara pergerakan tanah. Pergeseran tanah lebih lambat dan terkontrol, sedangkan tanah longsor lebih cepat dan berbahaya.
","Pergeseran tanah adalah perpindahan lapisan tanah tanpa kehilangan kontinuitas, bisa horizontal atau vertikal tanpa mengubah bentuk lereng secara signifikan. Tanah longsor adalah pergerakan tiba-tiba dan cepat dari sejumlah besar tanah ke bawah lereng, melibatkan pemisahan dan jatuhnya materi tanah secara besar-besaran.",1.0,,0.9999999999,0.9276460631219231
Apa itu mitigasi bencana?,"['• [Saat Bencana] petabencana.id: PetaBencana.id adalah laman untuk memetakan ketinggian genangan air dan banjir.\n• [Saat Bencana] petabencana.id terkait dengan: banjir\n• [Pra Bencana] tas siaga bencana: Tas berisi perlengkapan penting untuk digunakan selama atau setelah bencana.\n• [Pra Bencana] tas siaga bencana berkaitan dengan: persiapan untuk hidup mandiri\n• [Pra Bencana] pusat vulkanologi dan mitigasi bencana geologi (pvmbg): Institusi teknis terkait dengan kegunungapian\n• [Pra Bencana] tingkat rawan bencana gunung api: Area yang berpotensi terkena dampak bencana terkait gunung api\n• [Pra Bencana] tingkat rawan bencana gunung api terkait dengan: lahar letusan\n• [Pasca Bencana] pasca bencana: Tahap setelah bencana yang fokus pada pemulihan.\n• [Pra Bencana] bencana: Peristiwa atau rangkaian peristiwa yang mengancam dan mengganggu kehidupan dan penghidupan masyarakat\n• [Pra Bencana] bencana berkaitan dengan: korban bencana, kondisi sekitar\n• [Pra Bencana] bencana terkait dengan: hewan peliharaan, keamanan rumah, pengurangan risiko bencana\n• [Saat Bencana] mitigasi: Latihan untuk mengurangi dampak bahaya.\n• [Saat Bencana] mitigasi terkait dengan: kesiapsiagaan, kebutuhan\n• [Pra Bencana] tas siaga bencana (tsb): Tas yang berisi barang-barang penting untuk bertahan hidup saat terjadi bencana atau kondisi darurat.\n• [Pra Bencana] tas siaga bencana (tsb) berkaitan dengan: pakaian, makanan ringan tahan lama, air minum, kotak obat-obatan/p3k\n• [Pra Bencana] pengurangan risiko bencana: Kegiatan untuk mengurangi dampak bencana\n• [Pra Bencana] pengurangan risiko bencana berkaitan dengan: bencana\n• [Saat Bencana] korban bencana: Orang-orang yang terkena dampak bencana\n• [Saat Bencana] korban bencana berkaitan dengan: konseling dan terapi\n• [Saat Bencana] korban bencana terkait dengan: bencana, posko layanan bencana\n• [Saat Bencana] posko layanan bencana: Tempat pengungsian untuk bantuan dan pertolongan\n• [Saat Bencana] posko layanan bencana berkaitan dengan: korban bencana\n• [Umum] saat bencana terkait dengan: tenda pengungsian\n• [Umum] perencanaan mitigasi terkait dengan: daerah rawan longsor\n• [Umum] 5 bencana kabupaten bogor terkait dengan: angin kencang, petir, banjir\n• [Pra Bencana] hari kesiapsiagaan bencana terkait dengan: bnpb\n• [Umum] memantau informasi bencana terkait dengan: radio/ponsel\n• [Umum] selama bencana terkait dengan: tempat pengungsian']","Mitigasi bencana itu latihan yang kita lakukan untuk mengurangi dampak buruk dari bahaya. Latihan ini bertujuan agar kita siap menghadapi bencana, termasuk mengetahui kebutuhan dan kesiapsiagaan yang diperlukan. Mitigasi bencana berkaitan dengan mempersiapkan diri menghadapi bencana, serta memastikan kita punya perlengkapan penting seperti tas siaga bencana. Jadi, mitigasi bencana adalah usaha aktif untuk mengurangi risiko dampak bencana terhadap kehidupan kita.","Dokumen tidak secara eksplisit mendefinisikan istilah 'mitigasi bencana', namun konsep terkait dijelaskan melalui 'kesiapsiagaan' -- serangkaian kegiatan untuk mengantisipasi bencana melalui pengorganisasian serta langkah yang tepat guna dan berdaya guna. Dalam struktur penanganan bencana BPBD, terdapat Bidang Pencegahan & Kesiapsiagaan (PK) yang melakukan kegiatan mitigasi dan pelatihan di wilayah rawan bencana.",1.0,,0.9999999999,0.8360463877961847
Apa peran BPBD dalam penanggulangan bencana?,"['• [Saat Bencana] petabencana.id: PetaBencana.id adalah laman untuk memetakan ketinggian genangan air dan banjir.\n• [Saat Bencana] petabencana.id terkait dengan: banjir\n• [Pra Bencana] tas siaga bencana: Tas berisi perlengkapan penting untuk digunakan selama atau setelah bencana.\n• [Pra Bencana] tas siaga bencana berkaitan dengan: persiapan untuk hidup mandiri\n• [Pra Bencana] pusat vulkanologi dan mitigasi bencana geologi (pvmbg): Institusi teknis terkait dengan kegunungapian\n• [Pra Bencana] tingkat rawan bencana gunung api: Area yang berpotensi terkena dampak bencana terkait gunung api\n• [Pra Bencana] tingkat rawan bencana gunung api terkait dengan: lahar letusan\n• [Pasca Bencana] pasca bencana: Tahap setelah bencana yang fokus pada pemulihan.\n• [Pra Bencana] bencana: Peristiwa atau rangkaian peristiwa yang mengancam dan mengganggu kehidupan dan penghidupan masyarakat\n• [Pra Bencana] bencana berkaitan dengan: korban bencana, kondisi sekitar\n• [Pra Bencana] bencana terkait dengan: hewan peliharaan, keamanan rumah, pengurangan risiko bencana\n• [Pra Bencana] tas siaga bencana (tsb): Tas yang berisi barang-barang penting untuk bertahan hidup saat terjadi bencana atau kondisi darurat.\n• [Pra Bencana] tas siaga bencana (tsb) berkaitan dengan: pakaian, makanan ringan tahan lama, air minum, kotak obat-obatan/p3k\n• [Pra Bencana] pengurangan risiko bencana: Kegiatan untuk mengurangi dampak bencana\n• [Pra Bencana] pengurangan risiko bencana berkaitan dengan: bencana\n• [Saat Bencana] korban bencana: Orang-orang yang terkena dampak bencana\n• [Saat Bencana] korban bencana berkaitan dengan: konseling dan terapi\n• [Saat Bencana] korban bencana terkait dengan: bencana, posko layanan bencana\n• [Saat Bencana] posko layanan bencana: Tempat pengungsian untuk bantuan dan pertolongan\n• [Saat Bencana] posko layanan bencana berkaitan dengan: korban bencana\n• [Umum] saat bencana terkait dengan: tenda pengungsian\n• [Umum] 5 bencana kabupaten bogor terkait dengan: angin kencang, petir, banjir\n• [Pra Bencana] hari kesiapsiagaan bencana terkait dengan: bnpb\n• [Umum] memantau informasi bencana terkait dengan: radio/ponsel\n• [Umum] selama bencana terkait dengan: tempat pengungsian']","**Pra Bencana:**
1.  Menyiapkan tas siaga bencana yang berisi perlengkapan penting seperti pakaian, makanan, dan obat-obatan.
2.  Mengurangi risiko bencana dengan memperhatikan tingkat rawan bencana, terutama terkait gunung api dan potensi lahar.
3.  Memantau informasi bencana melalui radio atau ponsel untuk mendapatkan peringatan dini.

**Saat Bencana:**
1.  Menggunakan peta bencana (PetaBencana.id) untuk mengetahui ketinggian genangan air dan area yang terpengaruh banjir.
2.  Menemukan tempat pengungsian yang aman, biasanya di tenda pengungsian, sebagai tempat untuk membantu korban bencana.
3.  Menyediakan bantuan dan pertolongan bagi korban bencana di posko layanan bencana.

**Pasca Bencana:**
1.  Memulihkan kondisi setelah bencana melalui kegiatan pemulihan.
2.  Menyediakan konseling dan terapi bagi korban bencana.
3.  Memastikan keamanan rumah dan perlindungan hewan peliharaan.","Ketika masyarakat melapor, BPBD berkoordinasi dengan desa dan kecamatan soal kebutuhan logistik dan kondisi lapangan. Bidang Kedaruratan & Logistik (Darlog) menurunkan Tim Reaksi Cepat (TRC) untuk asesmen kaji cepat dan menetapkan status tanggap darurat bencana. Jika bencana berdampak besar, BPBD membangun Posko dan Tenda Pengungsian. Bidang Rehabilitasi & Rekonstruksi (RR) melakukan asesmen kajian kebutuhan pasca bencana dan menyerahkan hasilnya ke dinas terkait (DINSOS, DPUPR, DPKPP). Jika bencana tidak berdampak besar, Bidang Pencegahan & Kesiapsiagaan (PK) melakukan kegiatan mitigasi dan pelatihan di wilayah rawan bencana. BPBD juga berkoordinasi dengan BMKG, PVMBG, dan BRIN.",1.0,,0.9999999999,0.5704645276706107
Apa yang dimaksud dengan kesiapsiagaan bencana?,"['• [Pasca Bencana] bpbd: BPBD adalah instansi yang bertanggung jawab atas penanggulangan bencana.\n• [Pasca Bencana] bpbd berkaitan dengan: trc, banjir, masyarakat, kondisi sekitar, bmkg\n• [Pasca Bencana] bpbd terkait dengan: kegiatan keantariksaan, masyarakat\n• [Saat Bencana] air bersih: Air yang aman untuk dikonsumsi dan digunakan.\n• [Saat Bencana] air bersih berkaitan dengan: higienitas, efisien\n• [Saat Bencana] air bersih terkait dengan: penampungan air\n• [Pra Bencana] kesiapsiagaan: Serangkaian kegiatan yang dilakukan untuk mengantisipasi bencana melalui pengorganisasian serta langkah yang tepat guna dan berdaya guna.\n• [Pra Bencana] kesiapsiagaan berkaitan dengan: latihan gladi simulasi, mitigasi, pelatihan, sistem peringatan dini, rute evakuasi\n• [Pra Bencana] kesiapsiagaan terkait dengan: bnpb, informasi banjir\n• [Saat Bencana] masker: Perlindungan pernapasan dari debu vulkanik.\n• [Pra Bencana] radio: Perangkat elektronik untuk menerima siaran.\n• [Pra Bencana] radio berkaitan dengan: penanganan darurat, simak informasi terkini\n• [Pra Bencana] televisi: Perangkat elektronik untuk menerima siaran visual.\n• [Pra Bencana] televisi berkaitan dengan: penanganan darurat, simak informasi terkini\n• [Pra Bencana] media online: Platform digital untuk penyebaran informasi.\n• [Pra Bencana] media online berkaitan dengan: penanganan darurat, simak informasi terkini\n• [Pra Bencana] bencana: Peristiwa atau rangkaian peristiwa yang mengancam dan mengganggu kehidupan dan penghidupan masyarakat\n• [Pra Bencana] bencana berkaitan dengan: korban bencana, kondisi sekitar\n• [Pra Bencana] bencana terkait dengan: hewan peliharaan, keamanan rumah, pengurangan risiko bencana\n• [Saat Bencana] bnpb: Badan Nasional Penanggulangan Bencana\n• [Saat Bencana] bnpb berkaitan dengan: kesiapsiagaan, kondisi sekitar, hari kesiapsiagaan bencana\n• [Pra Bencana] latihan gladi simulasi: Latihan berkala yang dilakukan untuk menguji kesiapsiagaan.\n• [Pra Bencana] latihan gladi simulasi berkaitan dengan: anggota keluarga rentan\n• [Pra Bencana] latihan gladi simulasi terkait dengan: kesiapsiagaan\n• [Pra Bencana] sistem peringatan dini: Sistem untuk memberikan informasi tentang potensi bencana.\n• [Pra Bencana] sistem peringatan dini berkaitan dengan: jenis disabilitas\n• [Pra Bencana] sistem peringatan dini terkait dengan: kesiapsiagaan\n• [Pra Bencana] rute evakuasi: Jalur yang telah ditentukan untuk mengungsi selama bencana.\n• [Pra Bencana] rute evakuasi terkait dengan: analisis ancaman, titik kumpul, kesiapsiagaan\n• [Saat Bencana] mitigasi: Latihan untuk mengurangi dampak bahaya.\n• [Saat Bencana] mitigasi terkait dengan: kesiapsiagaan, kebutuhan\n• [Saat Bencana] pelatihan: Program untuk mengembangkan keterampilan dalam menghadapi bencana.\n• [Saat Bencana] pelatihan terkait dengan: kesiapsiagaan\n• [Pra Bencana] analisis ancaman: Proses untuk mengidentifikasi dan mengevaluasi potensi bahaya.\n• [Pra Bencana] analisis ancaman berkaitan dengan: rute evakuasi\n• [Pra Bencana] titik kumpul: Lokasi yang telah ditentukan untuk berkumpul setelah evakuasi.\n• [Pra Bencana] titik kumpul berkaitan dengan: rute evakuasi\n• [Pra Bencana] nomor kontak penting: Daftar nomor telepon penting untuk menghubungi layanan darurat atau kontak di masa bencana.\n• [Pra Bencana] anggota keluarga rentan: Kelompok orang yang membutuhkan bantuan khusus selama bencana, seperti anak-anak, lansia, ibu hamil, dan penyandang disabilitas.\n• [Pra Bencana] anggota keluarga rentan terkait dengan: latihan gladi simulasi\n• [Pra Bencana] mil memiliki rencana darurat keluarga: Rencana yang dibuat untuk digunakan anggota keluarga jika terjadi bencana.\n• [Pra Bencana] tas siaga bencana (tsb): Tas yang berisi barang-barang penting untuk bertahan hidup saat terjadi bencana atau kondisi darurat.\n• [Pra Bencana] tas siaga bencana (tsb) berkaitan dengan: pakaian, makanan ringan tahan lama, air minum, kotak obat-obatan/p3k\n• [Pra Bencana] pakaian: Pakaian yang cukup untuk 2-3 hari dalam tas siaga.\n• [Pra Bencana] pakaian terkait dengan: tas siaga bencana (tsb)\n• [Pra Bencana] kondisi sekitar: Lingkungan fisik dan sosial di sekitar suatu wilayah.\n• [Pra Bencana] kondisi sekitar terkait dengan: bpbd, bnpb, bencana\n• [Saat Bencana] kementerian/lembaga terkait: Entitas pemerintah yang bertanggung jawab atas penanggulangan bencana.\n• [Saat Bencana] posko set setempat: Titik kumpul dan koordinasi untuk penanganan bencana.\n• [Saat Bencana] posko set setempat berkaitan dengan: informasi lanjutan\n• [Saat Bencana] media informasi resmi: Sumber informasi yang terpercaya dan telah divalidasi.\n• [Saat Bencana] media informasi resmi berkaitan dengan: penanganan darurat']","Kesiapsiagaan bencana adalah serangkaian kegiatan yang kita lakukan untuk siap menghadapi bencana. Kegiatan ini meliputi pengorganisasian dan langkah-langkah tepat guna dan berdaya guna. Tujuannya adalah agar kita bisa mengurangi dampak buruk jika terjadi bencana. Kesiapsiagaan juga melibatkan latihan gladi simulasi, pelatihan, dan sistem peringatan dini untuk memastikan kita tahu apa yang harus dilakukan.",Kesiapsiagaan merupakan serangkaian kegiatan yang dilakukan untuk mengantisipasi bencana melalui pengorganisasian serta melalui langkah yang tepat guna dan berdaya guna.,1.0,,0.9999999999,0.790381361209287
Berapa nomor darurat yang harus dihubungi saat bencana?,[''],"Berikut daftar nomor kontak darurat BPBD Kabupaten Bogor:
1. Call Center BPBD Kab. Bogor: 0812-1010-9002
2. Pusdatin BPBD Kab. Bogor: 0851-7530-9567
3. Bogor Siaga: 112
4. Damkar Kab. Bogor: 021-8753547
5. Pusdalops BNPB: 0812-1237575
6. Palang Merah Indonesia: 021-4207051
7. BMKG: 021-6546318
8. PVMBG: 022-7272606
9. Kementerian Sosial: 0821-11300911
10. Polisi: 110
11. Pemadam Kebakaran: 113
12. SAR / Basarnas: 115
13. Ambulans: 118 / 119
14. PLN: 123
15. Penerangan: 108","Call Center BPBD Kab. Bogor: 0812-1010-9002, Pusdatin BPBD Kab. Bogor: 0851-7530-9567, Bogor Siaga: 112, Damkar Kab. Bogor: 021-8753547, Pusdalops BNPB: 0812-1237575, Pemadam Kebakaran: 113, Polisi: 110, SAR/Basarnas: 115, Palang Merah Indonesia: 021-4207051, Penerangan: 108, PLN: 123, BMKG: 021-6546318, PVMBG: 022-7272606, Kementerian Sosial: 0821-11300911, Ambulans: 118 atau 119.",0.9375,,0.0,0.6696259776657252
Apa itu titik kumpul dan apa fungsinya?,['• [Pra Bencana] titik kumpul: Lokasi yang telah ditentukan untuk berkumpul setelah evakuasi.\n• [Pra Bencana] titik kumpul berkaitan dengan: rute evakuasi'],"Titik kumpul itu adalah tempat yang sudah kita tentukan sebelumnya di Kabupaten Bogor. Fungsinya adalah sebagai tempat berkumpul kembali setelah kita dievakuasi dari daerah yang rawan bahaya. Titik kumpul ini terhubung dengan rute evakuasi yang kita gunakan. Jadi, setelah proses evakuasi selesai, kita akan diarahkan ke titik kumpul ini untuk mendapatkan bantuan dan informasi lebih lanjut.","Dokumen tidak mendefinisikan 'titik kumpul' secara eksplisit, namun menyebutkan 'identifikasi titik kumpul' sebagai salah satu dari 7 komponen Rencana Kesiapsiagaan, bersama analisis ancaman, nomor kontak penting, rute evakuasi, lokasi mematikan air/gas/listrik, titik aman di dalam bangunan, dan identifikasi anggota keluarga rentan.",0.5,,0.9999999999,0.658278358165227
Apa yang dimaksud dengan jalur evakuasi?,"['• [Pra Bencana] jalur evakuasi: Rute yang telah ditentukan untuk mengungsi dari daerah rawan bencana.\n• [Pra Bencana] jalur evakuasi terkait dengan: pihak berwenang\n• [Saat Bencana] zona evakuasi: Area yang telah ditentukan untuk digunakan sebagai tempat aman selama evakuasi.\n• [Pra Bencana] rute evakuasi: Jalur yang telah ditentukan untuk mengungsi selama bencana.\n• [Pra Bencana] rute evakuasi terkait dengan: analisis ancaman, titik kumpul, kesiapsiagaan\n• [Umum] evakuasi terkait dengan: tempat yang lebih tinggi, gedung, rumah\n• [Umum] instruksi evakuasi terkait dengan: anda\n• [Umum] evakuasi ke tempat tinggi terkait dengan: tsunami\n• [Umum] evakuasi hewan terkait dengan: tim penyelamat hewan']","Jalur evakuasi itu rute yang sudah ditentukan sebelumnya untuk mengungsi saat terjadi bencana. Pemerintah daerah telah menyiapkan jalur ini supaya kita bisa dengan cepat dan aman pergi dari daerah yang rawan bahaya. Jalur evakuasi ini ditentukan berdasarkan analisis risiko dan juga mempertimbangkan tempat yang aman untuk berkumpul, seperti bangunan yang kokoh atau tempat yang lebih tinggi. Jadi, jalur evakuasi adalah jalan pintas kita menuju tempat yang aman saat terjadi bencana.","Dokumen tidak mendefinisikan 'jalur evakuasi' secara eksplisit, namun menyebutkan 'ketahui rute evakuasi' sebagai salah satu dari 7 komponen Rencana Kesiapsiagaan, dan 'mengetahui rute evakuasi dan rencana pengungsian' sebagai salah satu dari 6 upaya kesiapsiagaan penting.",0.6666666666666666,,0.9999999999,0.8264343390330261
Apa saja tahapan pasca bencana?,"['• [Pasca Bencana] pasca bencana: Tahap setelah bencana yang fokus pada pemulihan.\n• [Umum] saat bencana terkait dengan: tenda pengungsian\n• [Umum] 5 bencana kabupaten bogor terkait dengan: angin kencang, petir, banjir\n• [Umum] memantau informasi bencana terkait dengan: radio/ponsel\n• [Umum] selama bencana terkait dengan: tempat pengungsian']","Tentu, saya akan bantu menjelaskan tahapan pasca bencana berdasarkan informasi yang ada.

1.  Tahapan pasca bencana itu fokus pada pemulihan setelah terjadi bencana.
2.  Selama tahap ini, kita akan fokus pada penataan kembali kondisi setelah bencana.
3.  Bencana yang terjadi di Kabupaten Bogor meliputi angin kencang, petir, dan banjir.
4.  Untuk mendapatkan informasi terbaru, gunakan radio atau ponsel.
5.  Selama masa pasca bencana, tempat pengungsian akan digunakan untuk membantu proses pemulihan.","Pasca bencana ditangani oleh Bidang Rehabilitasi & Rekonstruksi (RR) yang melakukan asesmen kajian kebutuhan pasca bencana, kemudian hasil asesmen diserahkan ke dinas terkait: DINSOS (bantuan sosial), DPUPR (perbaikan infrastruktur), DPKPP (perbaikan rumah), serta dukungan psikososial pasca bencana.",1.0,,0.0,0.8269531833165327
